都道府県名,事業者名,バス系統数,停留所数
北海道,宗谷バス（株）,15,314
北海道,沿岸バス（株）,16,365
北海道,名士バス（株）,6,199
北海道,北紋バス（株）,11,272
北海道,羽幌町,1,23
北海道,名寄市,1,45
北海道,北海道北見バス（株）,30,569
北海道,道北バス（株）,68,743
北海道,士別軌道（株）,5,155
北海道,士別市,3,20
北海道,斜里バス（株）,3,61
北海道,網走バス（株）,12,203
北海道,羅臼町,4,59
北海道,遠軽町,6,113
北海道,斜里町,2,39
北海道,網走観光交通（株）,1,48
北海道,阿寒バス（株）,20,424
北海道,美幌町,3,54
北海道,空知中央バス（株）,9,226
北海道,旭川電気軌道（株）,51,350
北海道,北海道中央バス（株）,209,2431
北海道,根室交通（株）,8,156
北海道,新十津川町,1,9
北海道,芦別市,4,55
北海道,（株）美唄自動車学校,3,73
北海道,十勝バス（株）,26,860
北海道,美唄市,12,128
北海道,ふらのバス（株）,4,101
北海道,当別町,4,69
北海道,月形町,1,26
北海道,（有）下段モータース,1,26
北海道,岩見沢市,6,74
北海道,北海道拓殖バス（株）,23,344
北海道,本別町,10,117
北海道,（有）新篠津交通,1,28
北海道,ニセコバス（株）,7,231
北海道,ジェイ,112,726
北海道,アール北海道バス（株）,112,726
北海道,夕張鉄道（株）,5,214
北海道,北都交通（株）,6,75
北海道,新得町,1,90
北海道・静岡県,清水町,14,187
北海道,池田町,7,98
北海道,札幌ばんけい（株）,2,29
北海道,くしろバス（株）,34,513
北海道,札幌第一観光バス（株）,1,13
北海道,（株）じょうてつ,22,194
北海道,音更町,3,119
北海道,岩内町,1,36
北海道,浦幌町,7,77
北海道,道南バス（株）,82,1146
北海道,恵庭市,1,70
北海道,芽室町,1,71
北海道,千歳相互観光バス（株）,4,84
北海道,あつまバス（株）,7,129
北海道,むかわ町,5,111
北海道,中札内村,4,40
北海道,洞爺湖町,3,51
北海道,更別村,1,14
北海道,白老町,3,59
北海道,函館バス（株）,156,1167
北海道,（有）大沼交通,2,8
北海道,函館タクシー（株）,7,16
北海道,北斗市,1,58
北海道,北海道バス（株）,1,16
北海道,北海道観光バス（株）,3,16
北海道,松前町,1,62
青森県,下北交通（株）,19,423
青森県,風間浦村,1,28
青森県,（有）むつ車体工業,2,18
青森県・岩手県・福島県,ジェイアールバス東北（株）,13,390
青森県,（有）脇野沢交通,2,15
青森県,弘南バス（株）,64,1082
青森県,中泊町,2,65
青森県,平内町,7,96
青森県,十和田観光電鉄（株）,19,492
青森県,青森市,39,558
青森県,三沢市,5,119
青森県,鰺ヶ沢町,14,116
青森県,おいらせ町,2,48
青森県,黒石市,4,45
青森県,十和田市,2,53
青森県・岩手県・秋田県,岩手県北自動車（株）,217,1701
青森県,五戸町,20,203
青森県,平川市,5,111
青森県・岩手県,八戸市,32,456
青森県,南部町,9,158
青森県,階上町,4,91
青森県,三戸町,12,118
青森県,田子町,9,110
岩手県,軽米町,12,120
岩手県,二戸市,20,190
岩手県,久慈市,7,175
岩手県,八幡平市,8,103
岩手県・秋田県,鹿角市,14,309
岩手県,岩手町,7,90
岩手県,岩泉町,9,189
岩手県,滝沢市,3,114
岩手県,東日本交通（株）,1,54
岩手県・宮城県,岩手県交通（株）,132,1765
岩手県,宮古市,15,143
岩手県,西和賀町,11,132
岩手県,花巻市,19,271
岩手県,矢巾町,1,15
岩手県,山田町,7,96
岩手県,大槌町,2,62
岩手県,北上市,6,161
岩手県,住田町,7,86
岩手県,ゆだ交通（有）,1,9
岩手県,奥州市,16,294
岩手県,共栄運輸（株）,6,98
岩手県,一関市,42,631
岩手県・宮城県,東日本旅客鉄道（株）,3,76
岩手県,東磐交通（株）,6,129
岩手県,陸前高田市,6,74
岩手県,平泉町,3,49
岩手県・宮城県,栗原市,12,260
宮城県,気仙沼市,15,252
宮城県,大崎市,9,269
宮城県,登米市,35,571
宮城県,南三陸町,11,119
宮城県,北上地区住民バス等運行協議会,1,43
宮城県,桃生地区住民バス運行協議会,4,64
宮城県,涌谷町,6,100
宮城県,美里町,5,162
宮城県,（株）ミヤコーバス,28,510
宮城県,河北地区住民バス運行協議会,5,99
宮城県,雄勝地区住民バス運行協議会,1,21
宮城県,大衡村,6,72
宮城県,稲井地域乗合タクシー運行協議会,2,38
宮城県,宮城交通（株）,72,703
宮城県,富谷市,5,112
宮城県,荻浜地区住民バス運行協議会,1,16
宮城県,仙台市,279,1090
宮城県,石巻市,5,48
宮城県,利府町,3,37
宮城県,塩竈市,2,79
宮城県,七ヶ浜町,8,80
宮城県,（株）仙塩交通,1,19
宮城県,愛子観光バス（株）,1,19
宮城県,（株）タケヤ交通,4,36
宮城県,川崎町,9,117
宮城県,名取市,12,192
宮城県,仙台バス（株）,1,17
宮城県,岩沼市,9,114
宮城県,蔵王町,2,33
宮城県,村田町,1,28
宮城県・山形県,山交バス（株）,70,970
宮城県,白石市,9,160
宮城県,七ヶ宿町,3,48
宮城県,丸森町,6,89
秋田県,秋北バス（株）,34,893
秋田県,小坂町,1,24
秋田県,大館市,2,56
秋田県,秋北タクシー（株）,2,28
秋田県,能代市,5,118
秋田県,北秋田市,1,23
秋田県,男鹿市,9,237
秋田県,南秋地域公共交通活性化協議会,6,29
秋田県,羽後交通（株）,49,1202
秋田県,秋田中央交通（株）,48,623
秋田県,潟上市,5,126
秋田県,秋田市,11,280
秋田県,由利本荘市,20,299
秋田県,大仙市,8,171
秋田県,横手市,11,269
秋田県,にかほ市,6,98
秋田県,湯沢市,1,11
山形県,酒田市,6,134
山形県,庄内交通（株）,39,396
山形県,庄内町,6,127
山形県,鮭川村,3,70
山形県,新庄市,3,72
山形県,最上川交通（株）,1,5
山形県,大蔵村,7,81
山形県,鶴岡市,6,150
山形県,尾花沢市,8,185
山形県,（有）はながさバス,3,41
山形県,村山市,4,85
山形県,東根市,8,95
山形県,河北町,5,64
山形県,山交ハイヤー（株）,1,5
山形県,寒河江市,2,45
山形県,天童市,1,36
山形県,山形市,4,80
山形県,白鷹町,2,37
山形県,南陽市,3,60
山形県,上山市,1,26
山形県,米沢市,3,85
福島県・栃木県,福島交通（株）,251,2647
福島県,新地町,1,16
福島県,福島市,9,77
福島県,西会津町,5,126
福島県・新潟県,会津乗合自動車（株）,64,908
福島県,川俣町,2,33
福島県,東北アクセス（株）,2,36
福島県,磐梯東都バス（株）,9,74
福島県,（資）広田タクシー,3,32
福島県,二本松市,18,238
福島県,大玉村,2,19
福島県,磐梯町,3,42
福島県,本宮市商工会,5,56
福島県,協和交通（株）,1,26
福島県,新常磐交通（株）,91,785
福島県,金川町,1,20
福島県,田園町住民コミュニティバス運営協議会,1,20
福島県・群馬県,昭和村,4,98
福島県,須賀川市,3,58
福島県,南会津町,1,32
福島県,白河市,5,103
福島県・茨城県・栃木県・群馬県・千葉県・長野県,ジェイアールバス関東（株）,24,577
茨城県・栃木県,茨城交通（株）,374,2225
茨城県,北茨城市,6,104
茨城県,椎名観光バス（株）,8,114
茨城県,ひたちなか市,8,292
茨城県,桜川市,11,177
茨城県・千葉県,関東鉄道（株）,200,1337
茨城県,関鉄グリーンバス（株）,28,563
茨城県,大洗町,6,53
茨城県,筑西市,1,24
茨城県,小美玉市,6,116
茨城県・埼玉県・千葉県,茨城急行自動車（株）,38,437
茨城県,つくば市,11,235
茨城県・埼玉県,古河市,6,159
茨城県,下妻市,1,27
茨城県・群馬県・埼玉県・千葉県・東京都,朝日自動車（株）,174,1044
茨城県,関鉄パープルバス（株）,6,168
茨城県,関鉄観光バス（株）,10,47
茨城県,（株）昭和観光自動車,2,48
茨城県,かすみがうら市,2,65
茨城県,行方市,9,161
茨城県・埼玉県,五霞町,2,43
茨城県,坂東市,7,120
茨城県,土浦市,5,133
茨城県,（株）池田交通,2,98
茨城県,潮来市,2,82
茨城県,牛久市,9,154
茨城県,つくばみらい市,7,133
茨城県,ブルーバス（株）,3,62
茨城県,鹿嶋市,1,49
茨城県,稲敷市,6,124
茨城県,守谷市,2,54
茨城県・千葉県,神栖市,4,56
茨城県,龍ケ崎市,9,175
茨城県,取手市,7,180
茨城県,河内町,1,33
茨城県・千葉県,香取市,6,172
茨城県・千葉県,大利根交通自動車（株）,9,58
栃木県,関東自動車（株）,161,1454
栃木県,那須町,2,58
栃木県,那須塩原市,7,133
栃木県,日光交通（株）,7,148
栃木県,大田原市,11,212
栃木県,しおや交通（株）,1,47
栃木県,東武バス日光（株）,8,91
栃木県・群馬県,関越交通（株）,35,504
栃木県,那珂川町,1,44
栃木県,日光市,1,42
栃木県,宇都宮市,6,50
栃木県,鹿沼市,12,341
栃木県,きよはら地域内公共交通運営協議会,1,30
栃木県,石井地域公共交通運営委員会,1,32
栃木県・埼玉県,栃木市,12,405
栃木県,真岡市,1,42
栃木県,足利市,8,211
栃木県,佐野市,4,106
栃木県,小山市,12,216
群馬県,沼田市,6,186
群馬県,川場村,2,50
群馬県,中之条町,1,32
群馬県・埼玉県・長野県,西武観光バス（株）,16,333
群馬県・長野県,長電バス（株）,37,718
群馬県,高山村,3,37
群馬県,草津町,4,50
群馬県・長野県,草軽交通（株）,4,56
群馬県,東吾妻町,7,120
群馬県,渋川市,18,352
群馬県,赤城観光自動車（株）,8,40
群馬県,前橋市,7,192
群馬県,（株）群馬バス,33,445
群馬県,桐生市,11,187
群馬県,日本中央バス（株）,79,425
群馬県,永井運輸（株）,25,227
群馬県,高崎市,27,700
群馬県,群馬中央バス（株）,7,136
群馬県・埼玉県,伊勢崎市,12,249
群馬県,（株）上信観光バス,2,55
群馬県,安中市,7,154
群馬県,太田市,7,116
群馬県・埼玉県,十王自動車（株）,1,36
群馬県,千代田町,2,35
群馬県,大泉町,2,35
群馬県・埼玉県,（株）矢島タクシー,2,10
群馬県,藤岡市,5,147
群馬県,館林市,10,262
群馬県,邑楽町,1,24
群馬県,板倉町,1,29
群馬県,南牧村,4,44
群馬県,（有）雨沢ハイヤー,6,56
埼玉県,上里町,5,89
埼玉県,本庄観光（株）,1,8
埼玉県,武蔵観光（株）,2,55
埼玉県,（株）協同バス,6,136
埼玉県,花園観光バス（株）,4,90
埼玉県,加須市,3,56
埼玉県,国際十王交通（株）,15,207
埼玉県,羽生市,4,110
埼玉県,行田市,6,124
埼玉県,深谷観光バス（株）,3,10
埼玉県,（株）平成エンタープライズ,1,11
埼玉県,北斗交通（株）,1,27
埼玉県,イーグルバス（株）,13,206
埼玉県,鴻巣市,8,209
埼玉県,幸手市,5,105
埼玉県,中田商会（株）,1,2
埼玉県,久喜市,7,151
埼玉県,大和観光自動車（株）,2,42
埼玉県,東松山市,2,35
埼玉県,川越観光自動車（株）,19,251
埼玉県・東京都,東武バスウエスト（株）,83,816
埼玉県,杉戸町地域公共交通推進協議会,3,54
埼玉県,丸建つばさ交通（株）,16,176
埼玉県,宮代町,1,38
埼玉県,秩父市,2,56
埼玉県,桶川市,10,140
埼玉県,春日部市,6,158
埼玉県,伊奈町,2,68
埼玉県,鳩山町,1,21
埼玉県,上尾市,9,291
埼玉県,坂戸市,9,124
埼玉県・東京都,国際興業（株）,252,1767
埼玉県,さいたま市,8,242
埼玉県,毛呂山町,7,58
埼玉県,（株）川乗三和,1,17
埼玉県,（有）鶴ヶ島交通,2,43
埼玉県,（株）千代田交通,2,31
埼玉県,（有）三芳野タクシー,1,29
埼玉県,（株）見沼交通,1,10
埼玉県,（株）ジャパンタローズ,7,106
埼玉県・東京都,西武バス（株）,345,1657
埼玉県,（株）グローバル交通,5,79
埼玉県・千葉県・東京都,東武バスセントラル（株）,178,1141
埼玉県,狭山市,7,105
埼玉県,山手ケアサービス（株）,4,91
埼玉県・東京都,川口市,6,240
埼玉県,富士見市,5,57
埼玉県,飯能市,3,41
埼玉県,メートー観光（株）,7,74
埼玉県・東京都,草加市,3,83
埼玉県・東京都,マイスカイ交通（株）,12,98
埼玉県,（株）ライフバス,8,100
埼玉県・千葉県・東京都,東京空港交通（株）,16,63
埼玉県・東京都,入間市,9,116
埼玉県・千葉県・東京都,京成タウンバス（株）,19,261
埼玉県・東京都,東京都,167,1660
埼玉県,蕨市,3,87
埼玉県・東京都,所沢市,8,191
埼玉県,埼京タクシー（株）,1,30
埼玉県,朝霞市,4,70
埼玉県・東京都,新座市,3,71
埼玉県・東京都,立川バス（株）,101,476
埼玉県・千葉県・東京都,京成バス（株）,179,1091
埼玉県・東京都,清瀬市,4,30
埼玉県・東京都,練馬区,6,124
千葉県,流山市,6,106
千葉県,千葉交通（株）,36,759
千葉県,成田市,7,259
千葉県,阪東自動車（株）,28,149
千葉県,我孫子市,5,86
千葉県,栄町,2,57
千葉県,印西市,8,170
千葉県,松戸新京成バス（株）,21,198
千葉県,柏市,3,60
千葉県,京成タクシー成田（株）,6,84
千葉県,ちばレインボーバス（株）,17,294
千葉県,白井市,4,100
千葉県,なの花交通バス（株）,4,25
千葉県,松戸市,1,19
千葉県,鎌ヶ谷観光バス（有）,3,36
千葉県,（有）大成交通,2,32
千葉県,船橋新京成バス（株）,43,294
千葉県,鎌ケ谷市,5,79
千葉県,横芝光町,3,79
千葉県,多古町,2,43
千葉県,成田空港交通（株）,9,32
千葉県・東京都・神奈川県,東急バス（株）,181,1311
千葉県,市川市,3,95
千葉県,山武市,2,79
千葉県,芝山町,2,49
千葉県,東洋バス（株）,12,127
千葉県,匝瑳市,6,232
千葉県,佐倉市,6,137
千葉県,京成バスシステム（株）,7,95
千葉県,ちばグリーンバス（株）,24,246
千葉県,山万（株）,5,34
千葉県,京成タクシー佐倉（株）,1,10
千葉県,京成トランジットバス（株）,22,111
千葉県,千葉内陸バス（株）,50,265
千葉県,八街市,4,143
千葉県,八千代市,1,15
千葉県,京成タクシー習志野（株）,2,21
千葉県,千葉シーサイドバス（株）,8,64
千葉県,四街道市,1,37
千葉県,平和交通（株）,10,123
千葉県,東京ベイシティ交通（株）,26,163
千葉県,浦安市,3,97
千葉県,九十九里鉄道（株）,11,201
千葉県,ちばフラワーバス（株）,5,181
千葉県,千葉海浜交通（株）,13,126
千葉県,ちばシティバス（株）,14,145
千葉県,千葉市,3,126
千葉県,あすか交通（株）,3,46
千葉県・東京都,千葉中央バス（株）,32,308
千葉県,小湊鐵道（株）,125,1316
千葉県,東金市,2,65
千葉県,大網白里市,2,54
千葉県,茂原市,4,75
千葉県・東京都・神奈川県,日東交通（株）,38,844
千葉県,南総西コミュニティバス運営委員会,1,34
千葉県,長南町,4,61
千葉県,いすみ市,2,93
千葉県・東京都・神奈川県,京浜急行バス（株）,198,1109
千葉県,君津市,3,107
千葉県,鴨川市,3,119
千葉県,鋸南町,1,53
千葉県,南房総市,2,76
東京都,三宅村,1,61
東京都,大島旅客自動車（株）,6,61
東京都・山梨県,西東京バス（株）,163,804
東京都,板橋区,1,17
東京都,（株）新日本観光自動車,4,83
東京都,羽村市,5,86
東京都,関東バス（株）,135,552
東京都,日立自動車交通（株）,8,93
東京都,東村山市,5,65
東京都,日の出町,1,27
東京都,武蔵村山市,4,50
東京都,銀河鉄道（株）,3,30
東京都,西東京市,7,93
東京都,東大和市,2,50
東京都,北区,2,24
東京都,檜原村,3,35
東京都,荒川区,4,30
東京都,小平市,4,96
東京都・神奈川県,京王バス（株）,243,1313
東京都,墨田区,3,64
東京都,立川市,4,58
東京都,文京区,3,86
東京都,豊島区,1,7
東京都,台東区,5,116
東京都,昭島市,4,93
東京都,国分寺市,6,96
東京都,京王電鉄バス（株）,42,248
東京都,武蔵野市,9,144
東京都,小金井市,5,91
東京都・神奈川県,小田急バス（株）,136,853
東京都,杉並区,3,75
東京都,千代田区,4,69
東京都,三鷹市,5,83
東京都,国立市,3,49
東京都,江東区,4,32
東京都,新宿区,3,18
東京都,八王子市,4,128
東京都,中央区,2,65
東京都・広島県,府中市,9,180
東京都,渋谷区,4,108
東京都,調布市,3,65
東京都,日野市,9,142
東京都,港区,11,151
東京都・神奈川県,神奈川中央交通（株）,773,3853
東京都,（株）東急トランセ,4,25
東京都・神奈川県,稲城市,3,98
東京都・神奈川県,町田市,6,107
東京都・神奈川県,相模原市,2,40
東京都,大田区,1,14
東京都・神奈川県,神奈川中央交通東（株）,12,110
東京都・神奈川県・山梨県,神奈川中央交通西（株）,25,316
東京都・神奈川県,相鉄バス（株）,64,472
東京都・神奈川県,（株）江ノ電バス,95,413
東京都・神奈川県,川崎鶴見臨港バス（株）,42,388
東京都,八丈町,2,57
神奈川県・山梨県・静岡県,富士急バス（株）,117,1097
神奈川県,川崎市,53,491
神奈川県,長尾台コミュニティ交通導入推進協議会,1,13
神奈川県,山ゆり号交通事業運営委員会,1,18
神奈川県,横浜市,377,1270
神奈川県,愛川町,3,85
神奈川県,大和市,7,174
神奈川県,座間市,5,75
神奈川県,海老名市,4,66
神奈川県・静岡県,富士急湘南バス（株）,11,228
神奈川県,綾瀬市,5,92
神奈川県,寒川町,4,79
神奈川県,（株）フジエクスプレス,2,35
神奈川県,天台観光（株）,1,10
神奈川県,横浜交通開発（株）,3,31
神奈川県,（株）愛鶴,3,34
神奈川県,平塚市,1,36
神奈川県,（株）共同,1,18
神奈川県,善行地区郷土づくり推進会議,2,17
神奈川県,山北町,4,39
神奈川県・静岡県,箱根登山バス（株）,54,422
神奈川県,大新東（株）,2,7
神奈川県,横須賀市,1,11
神奈川県・静岡県,伊豆箱根バス（株）,90,592
神奈川県,二宮町,1,32
神奈川県・静岡県,（株）東海バス,78,1529
神奈川県,湯河原町,1,25
新潟県,新潟交通観光バス（株）,85,1130
新潟県,村上市,4,66
新潟県,さくら交通（株）,4,45
新潟県,胎内市,1,6
新潟県,聖籠町,3,84
新潟県,新発田市,10,197
新潟県,新潟交通（株）,53,834
新潟県,新潟市,15,385
新潟県,アイ,1,39
新潟県,ケーアライアンス（株）,1,39
新潟県,蒲原鉄道（株）,1,19
新潟県,月岡温泉観光協会,1,6
新潟県,フィールド観光（株）,2,42
新潟県,阿賀野市,12,331
新潟県,阿賀町,21,198
新潟県,泉観光バス（株）,1,17
新潟県,ウエスト観光バス（株）,3,55
新潟県,五泉市,1,46
新潟県,燕市,2,45
新潟県,弥彦村,1,28
新潟県,越後交通（株）,107,1457
新潟県,三条市,10,173
新潟県,見附市,1,46
新潟県,長岡市,1,12
新潟県・長野県,南越後観光バス（株）,94,662
新潟県,小千谷市,2,30
新潟県,頸城自動車（株）,20,377
新潟県,頸北観光バス（株）,7,125
新潟県,さわやかタクシー,1,18
新潟県,柏崎交通（株）,1,13
新潟県,十日町市,16,179
新潟県,くびき野バス（株）,8,227
新潟県,（株）浦佐タクシー,2,24
新潟県,上越市,10,189
新潟県,小千谷観光バス（株）,1,17
新潟県,やまとタクシー（株）,2,33
新潟県,東頸バス（株）,4,90
新潟県,糸魚川バス（株）,14,297
新潟県,銀嶺タクシー（株）,2,57
新潟県,（株）ツカダ運輸,4,36
新潟県,頸南バス（株）,2,33
新潟県,（株）魚沼中央トランスポート,2,51
新潟県,妙高市,8,198
新潟県,マルカ,1,5
新潟県,タクシー（資）,1,5
新潟県,（有）早川観光タクシー,1,12
新潟県,アイエムタクシー（株）,1,35
新潟県,新井タクシー（株）,1,47
新潟県,NPO法人みずほっと,2,71
新潟県,NPO法人いきいき長沢,1,35
新潟県,NPO法人ふるさとづくり妙高,3,63
新潟県,（有）糸魚川タクシー,3,13
新潟県・長野県,小谷村,4,67
新潟県・長野県,信濃町,9,133
新潟県,新潟交通佐渡（株）,14,410
新潟県,粟島浦村,1,8
富山県・石川県,北鉄能登バス（株）,9,241
富山県・石川県・岐阜県,加越能バス（株）,59,472
富山県,入善町,3,40
富山県,富山地方鉄道（株）,55,777
富山県,黒部モビリティサービス（株）,1,15
富山県,（有）宇奈月交通,3,52
富山県,桜井交通（株）,2,32
富山県,魚津市,7,180
富山県,射水市,21,390
富山県,上市町,5,69
富山県,小矢部市,5,87
富山県,砺波市,8,206
富山県,富山市,20,241
富山県,南砺市,20,323
富山県,立山黒部貫光（株）,2,14
富山県・岐阜県,濃飛乗合自動車（株）,11,441
石川県,北鉄奥能登バス（株）,21,391
石川県,輪島市,14,184
石川県,穴水町,1,31
石川県,志賀町,14,221
石川県,七尾市,5,157
石川県,能登島交通（株）,3,56
石川県,中能登町,5,107
石川県,羽咋市,6,83
石川県,宝達志水町,3,53
石川県,北鉄金沢バス（株）,35,511
石川県,内灘町,5,77
石川県,北陸鉄道（株）,18,396
石川県・福井県・滋賀県・京都府,西日本ジェイアールバス（株）,12,318
石川県,北鉄白山バス（株）,17,399
石川県,金沢ライトアップバス実行委員会,1,14
石川県,白山市,18,290
石川県,野々市市,4,107
石川県,ののいちバス（株）,1,20
石川県,能美市,10,146
石川県,北鉄加賀バス（株）,19,297
石川県,小松市,3,60
石川県・福井県,京福リムジンバス（株）,2,16
石川県・福井県,日本海観光バス（株）,2,36
福井県,京福バス（株）,66,887
福井県,坂井市,13,364
福井県,ケイカン交通（株）,3,55
福井県,森田地区コミュニティバス運行協議会,1,29
福井県,永平寺町,6,104
福井県,福井交通（株）,6,120
福井県,日新地区コミュニティバス運行協議会,3,35
福井県,勝山市,1,8
福井県,福井鉄道（株）,20,410
福井県,岡保地域交通検討協議会,2,62
福井県,酒生地域コミュニティバス運行協議会,3,48
福井県,東郷地域コミュニティバス運行協議会,2,55
福井県,大野市,7,102
福井県,越前町,3,114
福井県,鯖江市,9,216
福井県,越前市,13,267
福井県,南越前町,7,133
福井県,敦賀市,16,223
福井県,美浜町,3,82
福井県,若狭町,1,31
福井県・滋賀県,長浜市,9,208
福井県,あいあいバス運行協会,10,150
福井県,三福タクシー（株）,1,42
福井県,大和交通（株）,1,42
福井県・京都府,京都交通（株）,28,317
山梨県,北杜市,12,210
山梨県,山梨峡北交通（株）,5,42
山梨県・静岡県,山梨交通（株）,56,634
山梨県,山梨市,9,176
山梨県,甲州市,8,149
山梨県,甲斐市,5,129
山梨県,韮崎市,4,63
山梨県・長野県,伊那市,8,194
山梨県,（株）栄和交通,2,29
山梨県,甲府市,5,139
山梨県,笛吹市,4,164
山梨県,南アルプス市,6,98
山梨県,中央市,1,36
山梨県,富士川町,4,39
山梨県,早川町,1,34
山梨県,市川三郷町,3,33
山梨県,身延町,4,87
山梨県・静岡県,富士急静岡バス（株）,53,672
山梨県・静岡県,富士急モビリティ（株）,18,366
山梨県,富士急山梨ハイヤー（株）,1,5
長野県,野沢温泉村,2,32
長野県,飯山市,2,32
長野県,木島平村,1,12
長野県,（株）東急リゾートサービス,1,3
長野県,中野市,3,65
長野県,長電ハイヤー,2,48
長野県・岐阜県,アルピコ交通（株）,66,1002
長野県,長野市,41,849
長野県,小布施町,1,9
長野県,須坂市,6,88
長野県,小川村,3,36
長野県,（有）シンリク観光,1,57
長野県,大町市,11,252
長野県,（株）関電アメニックス,1,11
長野県,千曲市,8,220
長野県,上田バス（株）,9,179
長野県,坂城町,2,64
長野県,上田市,11,282
長野県,千曲バス（株）,9,235
長野県,東御市商工会,5,102
長野県,南安タクシー（有）,1,9
長野県,松本市,12,312
長野県,立科町,6,132
長野県,（株）軽井沢交通バス,2,7
長野県,軽井沢町,3,72
長野県,地域公共交通協議会,2,14
長野県,松本地域公共交通協議会,5,215
長野県,長和町,6,127
長野県,東信観光バス（株）,2,68
長野県,塩尻市,9,274
長野県,アルピコタクシー（株）,3,47
長野県,下諏訪町,6,127
長野県,岡谷市,8,190
長野県,諏訪市,10,210
長野県,原村,9,109
長野県,木祖村,5,40
長野県,木曽町,15,239
長野県,伊那バス（株）,8,149
長野県,箕輪町,1,55
長野県,南箕輪村,5,137
長野県,上松町,3,69
長野県・岐阜県,大桑村,3,52
長野県,中央アルプス観光（株）,1,22
長野県,飯島町,1,13
長野県・岐阜県,南木曽町,5,78
長野県,松川町,7,123
長野県,大鹿村,1,19
長野県,豊丘村,4,72
長野県,喬木村,10,129
長野県,南信州広域連合,4,174
長野県,市民会議,5,125
長野県,阿智村,5,102
長野県,阿南町,7,167
長野県,根羽村,1,47
長野県,信南交通（株）,1,25
長野県・岐阜県・愛知県,豊田市,50,712
岐阜県,飛騨市,11,127
岐阜県,高山市,19,454
岐阜県,（株）白鳥交通,6,106
岐阜県,郡上市,17,297
岐阜県,下呂市,6,148
岐阜県,（有）八幡観光バス,2,85
岐阜県,関市板取ふれあいのまちづくり推進委員会,1,49
岐阜県,中津川市,19,322
岐阜県,北恵那交通（株）,12,214
岐阜県,白川町,2,92
岐阜県・愛知県,岐阜乗合自動車（株）,54,911
岐阜県,山県市,1,41
岐阜県,関市,5,168
岐阜県,美濃加茂市,9,210
岐阜県・愛知県,恵那市,19,278
岐阜県,岐阜市,19,737
岐阜県,八百津町,2,52
岐阜県・愛知県,東濃鉄道（株）,29,303
岐阜県,可児市,8,101
岐阜県,御嵩町,3,51
岐阜県,名阪近鉄バス（株）,16,167
岐阜県,瑞浪市,12,202
岐阜県,各務原市,7,177
岐阜県,瑞穂市,4,75
岐阜県,土岐市,7,131
岐阜県,大垣市,14,179
岐阜県,笠松町,1,39
岐阜県・愛知県,名鉄バス（株）,207,1541
岐阜県,羽島市,5,77
岐阜県,多治見市,4,45
岐阜県,海津市,4,39
静岡県,小山町,2,60
静岡県,富士急シティバス（株）,21,431
静岡県,静岡市,9,189
静岡県,しずてつジャストライン（株）,61,1290
静岡県,富士宮市,7,154
静岡県,裾野市,1,14
静岡県,富士市,9,197
静岡県,（株）大鉄アドバンス,3,24
静岡県・愛知県,設楽町,12,242
静岡県・愛知県,東栄町,12,242
静岡県・愛知県,豊根村,12,242
静岡県,長泉町,2,35
静岡県,川根本町,4,59
静岡県,浜松市,8,238
静岡県,三島市,6,139
静岡県,沼津市,5,143
静岡県,伊豆の国市,4,76
静岡県,島田市,15,312
静岡県,秋葉バスサービス（株）,5,184
静岡県,藤枝市,5,124
静岡県,日本平自動車（株）,3,22
静岡県,遠州鉄道（株）,54,1098
静岡県・愛知県,新城市,12,214
静岡県,焼津市,2,88
静岡県,掛川市,8,211
静岡県,東伊豆町,1,27
静岡県,菊川市,9,231
静岡県,牧之原市,5,111
静岡県,袋井市,2,107
静岡県,湖西市,7,118
静岡県,下田市,2,20
静岡県,磐田市,3,55
静岡県,南伊豆町,13,101
静岡県,御前崎市,4,64
愛知県,犬山市,8,161
愛知県,一宮市,6,156
愛知県,大口町,4,81
愛知県,小牧市,23,245
愛知県,春日井市,4,136
愛知県,あおい交通（株）,5,51
愛知県,豊山町,2,29
愛知県,瀬戸市,9,154
愛知県,稲沢市,6,106
愛知県,名古屋市,182,1475
愛知県,北名古屋市,10,105
愛知県,清須市,4,76
愛知県,尾張旭市,2,87
愛知県,あま市,3,82
愛知県,津島市,4,69
愛知県,長久手市,5,96
愛知県,豊鉄バス（株）,83,476
愛知県,日進市,7,140
愛知県・三重県・奈良県・和歌山県,三重交通（株）,216,2165
愛知県,みよし市,3,73
愛知県,飛島村,2,45
愛知県,弥富市,3,88
愛知県,東郷町,4,82
愛知県,豊明市,4,50
愛知県,東海市,5,134
愛知県,刈谷市,6,106
愛知県,大府市,5,120
愛知県,知多乗合（株）,20,191
愛知県,知立市,5,90
愛知県,岡崎市,4,100
愛知県,安城市,10,168
愛知県,東浦町,7,78
愛知県,知多市,2,61
愛知県,カネ久タクシー（株）,5,53
愛知県,阿久比町,2,50
愛知県,名鉄東部交通（株）,3,92
愛知県,半田市,7,151
愛知県,西尾市,9,197
愛知県,豊川市,12,226
愛知県,武豊町,2,47
愛知県,蒲郡市,5,122
愛知県,豊橋市,4,114
愛知県,南知多町,2,58
愛知県,田原市,5,115
三重県,桑名市,11,254
三重県,東員町,4,80
三重県,八風バス（株）,2,42
三重県,菰野町,7,70
三重県,三岐鉄道（株）,8,51
三重県,四日市市,3,89
三重県,NPO法人生活バス四日市,1,36
三重県,鈴鹿市,4,144
三重県,亀山市,10,185
三重県・滋賀県・奈良県,伊賀市,21,437
三重県・奈良県,津市,23,550
三重県,NPO法人バスネット津,1,23
三重県・奈良県,名張市,8,160
三重県,松阪市,16,303
三重県,明和町,4,90
三重県,三重急行自動車（株）,1,18
三重県,伊勢市,9,174
三重県,三交伊勢志摩交通（株）,2,53
三重県,多気町,1,49
三重県,鳥羽市,5,84
三重県,大台町,3,98
三重県,南伊勢町,8,102
三重県,紀北町,2,33
三重県,尾鷲市,5,84
三重県・和歌山県,熊野市,6,181
三重県,御浜町,2,79
三重県・和歌山県,紀宝町,3,122
滋賀県,高島市,18,263
滋賀県,米原市,1,22
滋賀県,湖国バス（株）,14,253
滋賀県・京都府,江若交通（株）,31,231
滋賀県・京都府,京都バス（株）,54,370
滋賀県,彦根観光バス（株）,1,25
滋賀県,東近江市,13,252
滋賀県,近江八幡市,13,253
滋賀県,近江鉄道（株）,49,646
滋賀県,愛荘町,1,33
滋賀県,竜王町,1,20
滋賀県・京都府・大阪府・奈良県,京阪バス（株）,406,1131
滋賀県,滋賀交通（株）,2,50
滋賀県,日野町,6,129
滋賀県,草津市,9,206
滋賀県,守山市,2,73
滋賀県,栗東市,5,129
滋賀県,湖南市,6,128
滋賀県,帝産湖南交通（株）,45,300
滋賀県,甲賀市,26,422
滋賀県・京都府・兵庫県,京阪京都交通（株）,36,286
京都府,丹後海陸交通（株）,18,353
京都府,京丹後市,8,110
京都府,与謝野町,3,75
京都府・兵庫県,福知山市,9,193
京都府,綾部市,9,200
京都府,三岳バス運営協議会,1,36
京都府,南丹市,20,287
京都府,庵我バス運営協議会,1,29
京都府,中六人部バス運営協議会,1,31
京都府,亀岡市,17,167
京都府,京都市,94,710
京都府,（株）ケイルック,5,27
京都府・大阪府・兵庫県・奈良県,阪急観光バス（株）,15,37
京都府・大阪府・兵庫県・奈良県,阪急バス（株）,133,1647
京都府,プリンセスライン（株）,3,9
京都府,（株）ヤサカバス,4,48
京都府,向日市,2,37
京都府,醍醐地域にコミュニティバスを走らせる市民の会,4,61
京都府・大阪府・奈良県,近鉄バス（株）,61,527
京都府,長岡京市,5,62
京都府,京都京阪バス（株）,32,233
京都府・大阪府,高槻市,25,252
京都府・大阪府・奈良県・和歌山県,奈良交通（株）,325,1508
京都府,明星町自治会,1,18
京都府,八幡市,1,46
京都府,城陽市,1,13
京都府・奈良県,木津川市,10,122
京都府,精華町,1,42
大阪府,箕面市,5,96
大阪府,吹田市,2,35
大阪府・兵庫県・岡山県,神姫バス（株）,309,2889
大阪府・兵庫県,伊丹市,44,166
大阪府,摂津市,1,13
大阪府・兵庫県,阪神バス（株）,82,506
大阪府,大阪シティバス（株）,91,992
大阪府,四條畷市,1,41
大阪府,北港観光バス（株）,7,86
大阪府,大東市,6,52
大阪府,大阪バス（株）,9,46
大阪府,（一社）グランフロント大阪TMO,1,12
大阪府,IKEA,2,5
大阪府・兵庫県,関西空港交通（株）,2,11
大阪府,南海バス（株）,151,945
大阪府,岸和田観光バス（株）,2,11
大阪府,金剛自動車（株）,15,138
大阪府,大阪狭山市,3,80
大阪府,河南町,4,71
大阪府,和泉市,10,120
大阪府,富田林市,1,14
大阪府,岸和田市,2,29
大阪府,南海ウイングバス（株）,72,400
大阪府,河内長野市,2,45
大阪府,水間鉄道（株）,5,107
大阪府,大阪第一交通（株）,1,11
大阪府,泉佐野市,1,20
大阪府,田尻町,1,20
大阪府・和歌山県,和歌山バス那賀（株）,15,86
兵庫県,豊岡市,9,156
兵庫県,全但バス（株）,28,681
兵庫県,香美町,7,120
兵庫県・鳥取県,新温泉町,9,128
兵庫県,養父市,7,74
兵庫県,朝来市,6,151
兵庫県,（株）ウイング神姫,77,1207
兵庫県,神河町,5,130
兵庫県,丹波篠山市,3,89
兵庫県,多可町,1,40
兵庫県,市川町,7,104
兵庫県,西脇市,2,63
兵庫県,加西市,9,124
兵庫県,福崎町,4,88
兵庫県,猪名川町,4,101
兵庫県,上郡町,7,75
兵庫県,加東市,1,17
兵庫県,赤穂市,5,119
兵庫県,西宮市,1,43
兵庫県,加古川市かこばすミニ運営,7,122
兵庫県,「ぐるっと生瀬」運行協議会,6,46
兵庫県,加古川市,1,34
兵庫県,神姫ゾーンバス（株）,17,104
兵庫県,宝塚市,1,10
兵庫県,高砂市,6,60
兵庫県,神戸市,96,748
兵庫県,六甲山観光（株）,2,16
兵庫県,尼崎交通事業振興（株）,2,32
兵庫県,みなと観光バス（株）（神戸市）,13,101
兵庫県,神鉄バス（株）,4,31
兵庫県,神戸フェリーバス（株）,4,9
兵庫県,明石市,15,198
兵庫県,山陽バス（株）,37,205
兵庫県,山陽タクシー（株）,3,30
兵庫県・徳島県,淡路交通（株）,7,173
兵庫県,淡路市,5,138
兵庫県,本四海峡バス（株）,1,25
兵庫県,洲本市,2,50
兵庫県,南あわじ市,11,226
奈良県,生駒市,6,75
奈良県,大和郡山市,3,53
奈良県,平群町,2,54
奈良県,エヌシーバス（株）,8,27
奈良県,天理市,2,57
奈良県,斑鳩町,2,45
奈良県,安堵町,3,24
奈良県,川西町,2,27
奈良県,広陵町,3,62
奈良県,香芝市,5,54
奈良県,桜井市,4,55
奈良県,葛城市,4,70
奈良県,宇陀地域公共交通活性化協議会,1,32
奈良県,大和高田市,3,62
奈良県,橿原市,1,16
奈良県,明日香村,2,29
奈良県,御所市,2,74
奈良県,東吉野村,3,77
奈良県,吉野町,2,64
奈良県,大淀町,2,55
奈良県,川上村,1,72
奈良県,南部地域公共交通活性化協議会,1,100
奈良県,五條市,2,35
奈良県,五條,1,101
奈良県,十津川地域公共交通活性化協議会,1,101
奈良県,吉野大峯ケーブル自動車（株）,1,9
奈良県・和歌山県,高野町,1,18
奈良県・和歌山県,南海りんかんバス（株）,26,100
奈良県・和歌山県,十津川村,19,202
和歌山県,橋本市,4,63
和歌山県,紀の川市,13,276
和歌山県,かつらぎ町,3,41
和歌山県,岩出市,4,141
和歌山県,和歌山バス（株）,49,238
和歌山県,有田鉄道（株）,4,130
和歌山県,大十バス（株）,2,43
和歌山県,海南市,10,150
和歌山県,紀美野町,4,128
和歌山県,和歌山市,1,14
和歌山県,有田川町,15,147
和歌山県,有田市,2,55
和歌山県,龍神自動車（株）,9,229
和歌山県,中紀バス（株）,6,86
和歌山県,熊野御坊南海バス（株）,20,347
和歌山県,日高川町,4,60
和歌山県,田辺市,13,184
和歌山県,みなべ町,1,11
和歌山県,明光バス（株）,13,158
和歌山県,上富田町,4,80
和歌山県,那智勝浦町,5,100
和歌山県,古座川町,5,55
和歌山県,太地町,1,36
和歌山県,串本町,4,114
鳥取県,日本交通（株）,62,678
鳥取県・島根県,一畑バス（株）,16,376
鳥取県・島根県,松江市,120,762
鳥取県・島根県,日ノ丸自動車（株）,68,1163
鳥取県・島根県,日ノ丸ハイヤー（株）,2,6
鳥取県,鳥取市,8,164
鳥取県,琴浦町,5,151
鳥取県・島根県,松江一畑交通（株）,2,4
鳥取県,米子市,2,85
鳥取県・島根県,安来市,19,325
鳥取県,三朝町,1,8
鳥取県,伯耆町,12,121
鳥取県,智頭町,4,75
鳥取県・島根県・広島県,奥出雲交通（株）,11,192
島根県,出雲市,17,350
島根県,出雲一畑交通（株）,2,18
島根県,雲南市,15,363
島根県・山口県,石見交通（株）,36,1002
島根県,飯南町,5,122
島根県・宮崎県,美郷町,14,228
島根県・広島県,備北交通（株）,55,706
島根県,浜田市,19,299
島根県・広島県,（有）総合企画コーポレーション,5,186
島根県,益田市,5,49
島根県,津和野町,7,172
島根県,六日市交通（有）,5,108
島根県・山口県,防長交通（株）,62,988
島根県,吉賀町,2,39
島根県・広島県・山口県,岩国市,43,633
島根県,隠岐海士交通（株）,2,36
島根県,西ノ島町,1,27
島根県,隠岐一畑交通（株）,9,59
島根県,隠岐の島町,4,19
岡山県,中鉄北部バス（株）,19,445
岡山県,津山市,5,49
岡山県,鏡野町,5,131
岡山県,加茂観光バス（有）,6,48
岡山県,新見市,17,233
岡山県,美作市,8,191
岡山県,備北バス（株）,47,644
岡山県,（有）中田石油店,1,10
岡山県,（株）美作共同バス,4,108
岡山県,美咲町,6,169
岡山県,赤磐市,13,263
岡山県,宇野自動車（株）,8,303
岡山県,高梁市,18,217
岡山県,岡山市,9,225
岡山県,中鉄バス（株）,13,209
岡山県,備前市,11,214
岡山県,総社市,1,29
岡山県,岡山電気軌道（株）,36,404
岡山県,下津井電鉄（株）,13,352
岡山県・広島県,北振バス（株）,13,262
岡山県,瀬戸内市,8,199
岡山県,両備ホールディングス（株）,25,520
岡山県,八晃運輸（株）,2,47
岡山県,東備バス（株）,2,50
岡山県・広島県,（株）井笠バスカンパニー,20,393
岡山県,玉野市,1,138
岡山県,（有）寄島タクシー,1,17
岡山県・香川県,琴参バス（株）,11,299
広島県,庄原市,26,404
広島県,（株）中国バス,44,813
広島県,三次市,2,30
広島県,安芸高田市,11,214
広島県,（有）大朝交通,2,54
広島県・山口県,中国ジェイアールバス（株）,16,644
広島県,壬生交通（株）,1,45
広島県,（有）豊平交通,4,129
広島県,（有）八重タクシー,2,64
広島県,北広島町,1,22
広島県,広島電鉄（株）,49,1273
広島県,三段峡交通（株）,2,80
広島県,加計交通（株）,2,76
広島県,東広島市,9,169
広島県,広島交通（株）,25,464
広島県,広交観光（株）,1,50
広島県,世羅町,1,8
広島県,芸陽バス（株）,53,808
広島県,（株）フォーブル,17,261
広島県,広島市,3,98
広島県,鞆鉄道（株）,16,387
広島県,廿日市市,8,252
広島県,広島バス（株）,25,358
広島県,（有）やぐちタクシー,1,17
広島県,おのみちバス（株）,15,261
広島県,エイチ,43,69
広島県,ディー西広島（株）,43,69
広島県,因の島バス（株）,4,78
広島県,本四バス開発（株）,7,76
広島県,（株）エフ,1,17
広島県,ジー,1,17
広島県,（有）カープタクシー,1,23
広島県,三原市,2,29
広島県,尾道市,3,17
広島県・山口県,大竹市,3,96
広島県,朝日交通（株）,3,70
広島県,富士交通（株）,5,149
広島県,（有）東和交通,3,47
広島県,平和タクシー（株）,1,24
広島県,江田島市,1,16
広島県,瀬戸内産交（株）,2,71
広島県,江田島バス（株）,36,111
広島県,（有）野呂山タクシー,2,27
広島県,呉交通（株）,1,31
広島県,さんようバス（株）,5,95
広島県,なべタクシー（株）,3,64
広島県,（有）倉橋交通,4,53
山口県,山口市,19,391
山口県,萩市,2,74
山口県,サンデン交通（株）,193,476
山口県,ブルーライン交通（株）,12,261
山口県,美祢市,5,82
山口県,周南市,28,366
山口県,いわくにバス（株）,19,190
山口県,船木鉄道（株）,3,120
山口県,宇部市,73,449
山口県,山陽小野田市,4,84
山口県,光市,3,34
山口県,周防大島町,2,52
徳島県・香川県,徳島バス（株）,63,888
徳島県・香川県,大川自動車（株）,3,117
徳島県,徳島市,51,339
徳島県,徳島市交通局,2,43
徳島県,四国交通（株）,11,203
徳島県,三好市,12,205
徳島県,上八万バス運営委員会,3,31
徳島県,神山町,6,63
徳島県,徳島バス阿南（株）,16,159
徳島県,上勝町,1,27
徳島県,那賀町,7,62
徳島県・高知県,徳島バス南部（株）,13,164
徳島県・高知県,阿佐海岸鉄道（株）,2,11
香川県,観音寺市,6,99
香川県,ことでんバス（株）,22,341
香川県,坂出市,1,22
香川県,イオンモール高松店,1,20
香川県,さぬき市,7,164
香川県,丸亀市,5,164
香川県,マルイ観光バス（株）,5,110
香川県,山田地区乗合タクシー等実行委員会,2,30
香川県,綾川町,5,106
香川県,三豊市,12,333
香川県,善通寺市,6,79
香川県,（有）琴空バス,1,12
香川県,土庄町,1,9
香川県,小豆島オリーブバス（株）,8,128
香川県,小豆島町,1,20
愛媛県,中島汽船（株）,3,28
愛媛県,瀬戸内海交通（株）,8,135
愛媛県,瀬戸内運輸（株）,23,658
愛媛県,伊予鉄バス（株）,29,580
愛媛県,せとうち周桑バス（株）,6,146
愛媛県・高知県,宇和島自動車（株）,31,716
愛媛県・高知県,ジェイアール四国バス（株）,2,73
愛媛県,（株）肱南トラベル,1,5
愛媛県,伊予市,7,95
愛媛県,伊予鉄南予バス（株）,8,104
愛媛県,西予市,35,211
高知県,（有）嶺北観光自動車,7,246
高知県,香美市,11,172
高知県,（株）県交北部交通,3,240
高知県,とさでん交通（株）,32,574
高知県,南国市,4,126
高知県,高知東部交通（株）,4,309
高知県,（有）黒岩観光,4,100
高知県,（株）高知駅前観光,1,12
高知県,佐川町,9,91
高知県,いの町,1,41
高知県,土佐市,4,114
高知県,高知高陵交通（株）,7,317
高知県,（有）中土佐ハイヤー,7,85
高知県,須崎市,1,28
高知県,（株）四万十交通,31,376
高知県,四万十町,6,62
高知県,黒潮町,10,152
高知県,高知西南交通（株）,23,534
高知県,四万十市,4,92
高知県,大月町,9,120
福岡県,西日本鉄道（株）,440,1420
福岡県,西鉄バス北九州（株）,119,976
福岡県,北九州市,34,421
福岡県,北九州第一交通（株）,1,21
福岡県,（株）光タクシー,5,61
福岡県,宗像市,19,269
福岡県,西鉄バス宗像（株）,19,260
福岡県,岡垣町,5,61
福岡県,西鉄バス筑豊（株）,28,464
福岡県,南國興業（株）,3,27
福岡県,福津市,5,135
福岡県,中間市,2,24
福岡県,苅田町,4,102
福岡県,鞍手町,1,37
福岡県,直方市,6,66
福岡県,宮若市,4,81
福岡県・佐賀県・長崎県・鹿児島県,JR九州バス（株）,5,251
福岡県,太陽交通（株）,14,230
福岡県,古賀市,1,11
福岡県,飯塚市,27,360
福岡県,新宮町,2,48
福岡県,築上町,4,69
福岡県,久山町,2,60
福岡県,田川市,4,103
福岡県・佐賀県・長崎県,昭和自動車（株）,40,921
福岡県・大分県,豊前市,5,123
福岡県・大分県,吉富町,3,82
福岡県・大分県,中津市,25,343
福岡県,嘉麻市,10,206
福岡県・大分県,上毛町,1,22
福岡県,西鉄バス二日市（株）,25,293
福岡県,（株）姪浜タクシー,1,18
福岡県,添田町,1,47
福岡県,大野城市,4,99
福岡県,太宰府市,9,131
福岡県,春日市,7,140
福岡県,筑紫野市,7,105
福岡県,那珂川市,10,112
福岡県,筑前町,7,182
福岡県,（株）甘木観光バス,4,56
福岡県・佐賀県・大分県,西鉄バス久留米（株）,38,487
福岡県,小郡市,4,92
福岡県,朝倉市,4,62
福岡県・佐賀県,西鉄バス佐賀（株）,24,216
福岡県・佐賀県,久留米市,6,176
福岡県・熊本県,堀川バス（株）,7,283
福岡県・熊本県,西鉄バス大牟田（株）,17,167
佐賀県,唐津市,3,56
佐賀県,ロイヤル観光（株）,3,96
佐賀県,基山町,7,63
佐賀県,神埼市,11,177
佐賀県・長崎県,西肥自動車（株）,38,1272
佐賀県,鳥栖市,4,82
佐賀県,吉野ヶ里町,4,30
佐賀県,みやき町,5,103
佐賀県,佐賀市,24,363
佐賀県,上峰町,1,9
佐賀県,伊万里市,5,104
佐賀県,小城市,10,151
佐賀県,小城タクシー（株）,1,14
佐賀県・長崎県,松浦市,8,72
佐賀県,祐徳自動車（株）,8,254
佐賀県,武雄市,8,108
佐賀県,白石町,3,60
佐賀県,（有）橋間自動車,1,22
佐賀県,江北町,3,27
佐賀県,有田町,5,64
佐賀県,大町町,2,29
佐賀県,嬉野市,3,56
佐賀県,鹿島市,2,38
佐賀県,太良町,11,107
佐賀県・長崎県,長崎県,252,846
長崎県,五島自動車（株）,32,237
長崎県,久賀島レンタカー,4,11
長崎県,丸濱産業（有）,4,36
長崎県,小値賀交通（株）,2,36
長崎県,宇久観光バス（株）,1,25
長崎県,対馬市,11,96
長崎県,対馬交通（株）,15,180
長崎県,さいかい交通（株）,13,435
長崎県,（有）富川運送,1,8
長崎県,壱岐交通（株）,23,188
長崎県,生月自動車（有）,4,66
長崎県,平戸市,9,94
長崎県,ラッキー自動車（株）（佐世保）,1,33
長崎県,長崎自動車（株）,133,1094
長崎県,諫早市,4,52
長崎県,島原鉄道（株）,11,352
長崎県,（有）住吉タクシー,3,24
長崎県,雲仙市タクシー事業組合,2,34
長崎県,新城山交通（株）,1,20
長崎県,愛宕交通（株）,1,8
長崎県,文化タクシー（株）,2,13
熊本県・大分県,日田バス（株）,4,184
熊本県,産交バス（株）,266,2963
熊本県・大分県,大分交通（株）,124,1522
熊本県,小国町,2,35
熊本県,菊池市,2,44
熊本県,熊本電気鉄道（株）,14,261
熊本県,（有）ながすタクシー,1,2
熊本県,合志市,8,136
熊本県,熊本市,3,80
熊本県,南阿蘇村,3,78
熊本県,菊陽町,4,67
熊本県,熊本都市バス（株）,45,311
熊本県・宮崎県,高千穂町,19,165
熊本県,熊本バス（株）,39,419
熊本県,九州産交バス（株）,1,4
熊本県,（株）麻生交通,4,86
熊本県,（有）西田タクシー,1,31
熊本県,（有）中川タクシー,1,27
熊本県,宇城タクシー（有）,3,50
熊本県,上天草市,4,67
熊本県,（有）親和タクシー,1,33
熊本県,（有）西田交通,1,33
熊本県,天草市,5,75
熊本県,球磨村,6,109
熊本県,水俣市,15,257
熊本県・鹿児島県,南国交通（株）,92,1080
大分県,国東市,26,318
大分県,豊後高田市,10,158
大分県,宇佐市,32,398
大分県,杵築市,14,236
大分県,大分バス（株）,275,755
大分県,日出町,6,64
大分県,玖珠町,10,157
大分県,亀の井バス（株）,24,242
大分県,日田市,3,92
大分県,由布市,30,414
大分県,臼津交通（株）,12,269
大分県,大分市,7,68
大分県,佐伯市,18,468
大分県,竹田市,8,216
大分県,臼杵市,8,148
大分県,大野竹田バス（株）,19,370
大分県,豊後大野市,43,450
大分県,津久見市,2,23
宮崎県,延岡市,21,213
宮崎県・鹿児島県,宮崎交通（株）,321,1901
宮崎県,諸塚村,1,6
宮崎県,門川町,7,65
宮崎県,日向市,9,184
宮崎県,都農町,13,74
宮崎県,西都市,10,176
宮崎県,川南町,2,20
宮崎県,高鍋町,3,133
宮崎県,木城町,1,84
宮崎県,新富町,2,79
宮崎県,小林市,18,238
宮崎県,高原町,4,46
宮崎県・鹿児島県,鹿児島交通（株）,256,2431
宮崎県・鹿児島県,（有）高崎観光バス,4,176
宮崎県・鹿児島県,都城市,5,102
宮崎県,日南市,7,159
宮崎県・鹿児島県,曽於市,28,401
宮崎県,串間市,16,198
鹿児島県,与論町,1,18
鹿児島県,和泊町,3,68
鹿児島県,知名町,3,68
鹿児島県,徳之島総合陸運（株）,4,54
鹿児島県,加計呂麻バス（有）,6,31
鹿児島県,（株）しまバス,27,270
鹿児島県,宇検村,2,29
鹿児島県,龍郷町,1,6
鹿児島県,薩摩川内市,17,417
鹿児島県,種子島,4,130
鹿児島県,屋久島交通（株）,4,130
鹿児島県,まつばんだ交通バス（株）,2,30
鹿児島県,長島町,3,140
鹿児島県,出水市,10,325
鹿児島県,伊佐市,6,100
鹿児島県,湧水町,10,169
鹿児島県,さつま町,1,31
鹿児島県,霧島市,36,563
鹿児島県,姶良市,10,194
鹿児島県,いちき串木野市,2,85
鹿児島県,鹿児島市,72,1075
鹿児島県,日置市,6,157
鹿児島県,鹿屋市,14,214
鹿児島県,南さつま市,7,226
鹿児島県,南九州市,38,375
鹿児島県,指宿市,2,69
鹿児島県,錦江町,8,59
鹿児島県,西之表市,1,22
鹿児島県,南種子町,6,112
鹿児島県,中種子町,5,83
沖縄県,沖縄バス（株）,73,803
沖縄県,那覇バス（株）,75,1112
沖縄県,（株）琉球バス交通,75,1112
沖縄県,伊江島観光バス（株）,1,29
沖縄県,（同）やんばる急行バス,3,67
沖縄県,（株）北部観光バス,7,17
沖縄県,（有）カリー観光,12,24
沖縄県,読谷村,4,58
沖縄県,沖縄市,4,85
沖縄県,平安座総合開発（株）,4,16
沖縄県,東陽バス（株）,9,210
沖縄県,中城村,4,35
沖縄県,東京バス（株）　沖縄営業所,6,11
沖縄県,とかしき観光バス（同）,1,3
沖縄県,南城市,13,124
沖縄県,糸満市,1,20
沖縄県,（株）八千代バス,3,48
沖縄県,タクシー,3,48
沖縄県,（資）共和バス,4,34
沖縄県,宮古協栄バス（資）,8,142
沖縄県,中央交通（株）,2,28
沖縄県,東運輸（株）,10,133
沖縄県,西表島交通（株）,4,24
沖縄県,（有）竹富島交通,1,8
