停留所名,事業者名,バス系統
北浦六地蔵,観音寺市,のりあいバス　伊吹線
荒神社,観音寺市,のりあいバス　伊吹線
伊吹八幡神社（公民館下）,観音寺市,のりあいバス　伊吹線
旧伊吹小学校,観音寺市,のりあいバス　伊吹線
伊吹真浦港,観音寺市,のりあいバス　伊吹線
櫃石,琴参バス（株）,瀬戸大橋線
櫃石島,琴参バス（株）,瀬戸大橋線
櫃石小学校前,琴参バス（株）,瀬戸大橋線
岩黒漁港,琴参バス（株）,瀬戸大橋線
岩黒島,琴参バス（株）,瀬戸大橋線
庵治温泉,ことでんバス（株）,庵治線
庵治漁協前,ことでんバス（株）,庵治線
庵治農協前,ことでんバス（株）,庵治線
駐在所前,琴参バス（株）,瀬戸大橋線
庵治保健センター前,ことでんバス（株）,庵治線
塩浜,琴参バス（株）,瀬戸大橋線
穴部,琴参バス（株）,瀬戸大橋線
大津,琴参バス（株）,瀬戸大橋線
与島PA,琴参バス（株）,瀬戸大橋線
庵治学校前,ことでんバス（株）,庵治線
造船所前,琴参バス（株）,瀬戸大橋線
与島小学校前,琴参バス（株）,瀬戸大橋線
浦城,琴参バス（株）,瀬戸大橋線
庵治支所,ことでんバス（株）,庵治線
新開,ことでんバス（株）,庵治線
西脇,琴参バス（株）,王越線
舟かくし,ことでんバス（株）,庵治線
馬返,琴参バス（株）,王越線
丸山峠,ことでんバス（株）,庵治線
木沢,琴参バス（株）,王越線
御神灯,琴参バス（株）,王越線
塩家,ことでんバス（株）,下笠居線
亀水,ことでんバス（株）,下笠居線
弓弦羽,ことでんバス（株）,下笠居線
妙見神社,琴参バス（株）,王越線
王越,琴参バス（株）,王越線
北坂,ことでんバス（株）,下笠居線
番屋,琴参バス（株）,王越線
丸山西,ことでんバス（株）,庵治線
南条,琴参バス（株）,王越線
東分,琴参バス（株）,王越線
交流の里おうごし,琴参バス（株）,王越線
役場前,琴参バス（株）,王越線
相模坊,琴参バス（株）,王越線
小坂・総合運動公園前,ことでんバス（株）,下笠居線
新地,琴参バス（株）,王越線
久通,ことでんバス（株）,庵治線
生島富士カガク前,ことでんバス（株）,下笠居線
生島,ことでんバス（株）,下笠居線
健康ランド前,ことでんバス（株）,屋島大橋線
下笠居支所前,ことでんバス（株）,下笠居線
屋島山上,ことでんバス（株）,屋島山上シャトルバス
卸センター中通り,ことでんバス（株）,朝日町線
瀬居町竹浦,坂出市,坂出市営バス
根香口,ことでんバス（株）,下笠居線
浜北,ことでんバス（株）,屋島大橋線
卸センター,ことでんバス（株）,朝日町線
川北,琴参バス（株）,王越線
山下,ことでんバス（株）,下笠居線
屋島テニスクラブ前,ことでんバス（株）,庵治線
朝日町,ことでんバス（株）,朝日町線
瀬居町本浦,坂出市,坂出市営バス
亥の浜公園,ことでんバス（株）,屋島大橋線
イオンモール高松北口,イオンモール高松店,イオン高松線
神在口,ことでんバス（株）,下笠居線
フェリー乗り場,ことでんバス（株）,高松空港リムジンバス
北須賀,琴参バス（株）,王越線
祈り岩・与一公園前,ことでんバス（株）,庵治線
屋島西小学校前,ことでんバス（株）,屋島大橋線
JRホテルクレメント高松,ことでんバス（株）,高松空港リムジンバス
浜ノ町,ことでんバス（株）,"まちなかループバス・東廻り, まちなかループバス・西廻り"
浜ノ町,イオンモール高松店,イオン高松線
高松駅,ことでんバス（株）,"下笠居線, 香西線, 由佐線, 御厩線, 塩江線, 鹿角線, 高松空港リムジンバス, 通勤特急バス, 川島線, 西植田線, 庵治線, 大学病院線, 屋島大橋線, まちなかループバス・東廻り, 朝日町線, レインボー循環バス　東廻り, まちなかループバス・西廻り, レインボー循環バス　西廻り"
高松駅,大川自動車（株）,引田線（高松〜引田）
高松駅,イオンモール高松店,イオン高松線
高松港,ことでんバス（株）,朝日町線
瀬居中学校,坂出市,坂出市営バス
大的場,ことでんバス（株）,"まちなかループバス・東廻り, まちなかループバス・西廻り"
大的場,イオンモール高松店,イオン高松線
瀬居郵便局,坂出市,坂出市営バス
新北町,ことでんバス（株）,"まちなかループバス・東廻り, まちなかループバス・西廻り"
瀬戸大橋記念公園,坂出市,坂出市営バス
県民ホール前,ことでんバス（株）,朝日町線
北浜アリー,ことでんバス（株）,朝日町線
高松築港,イオンモール高松店,イオン高松線
高松築港,ことでんバス（株）,"下笠居線, 香西線, 由佐線, 御厩線, 塩江線, 鹿角線, 高松空港リムジンバス, 通勤特急バス, 川島線, 西植田線, 庵治線, 大学病院線, 屋島大橋線, まちなかループバス・東廻り, レインボー循環バス　東廻り, まちなかループバス・西廻り, レインボー循環バス　西廻り"
高松築港,大川自動車（株）,引田線（高松〜引田）
朝日町二丁目,ことでんバス（株）,朝日町線
香西西町,ことでんバス（株）,下笠居線
香西車庫前,ことでんバス（株）,香西線
イオンモール高松南口,イオンモール高松店,イオン高松線
洲崎寺西,ことでんバス（株）,庵治線
大的場口,ことでんバス（株）,"まちなかループバス・東廻り, まちなかループバス・西廻り"
大的場口,イオンモール高松店,イオン高松線
瀬居町西浦,坂出市,坂出市営バス
大屋冨,琴参バス（株）,王越線
東山魁夷せとうち美術館,坂出市,坂出市営バス
屋島西団地前,ことでんバス（株）,屋島大橋線
高松調剤薬局,ことでんバス（株）,"まちなかループバス・東廻り, 朝日町線, まちなかループバス・西廻り"
坂出市塩業資料館前,琴参バス（株）,王越線
フソウテクノセンター,イオンモール高松店,イオン高松線
県立中央病院,ことでんバス（株）,"下笠居線, まちなかループバス・東廻り, 朝日町線, まちなかループバス・西廻り"
寿町,ことでんバス（株）,"下笠居線, 香西線, 由佐線, 御厩線, 塩江線, 鹿角線, 川島線, 西植田線, 庵治線, 大学病院線, 屋島大橋線, まちなかループバス・東廻り, レインボー循環バス　東廻り, まちなかループバス・西廻り, レインボー循環バス　西廻り"
寿町,大川自動車（株）,引田線（高松〜引田）
寿町,イオンモール高松店,イオン高松線
香西北町,ことでんバス（株）,"下笠居線, 香西線"
汐入橋北,ことでんバス（株）,屋島大橋線
馬場病院前,イオンモール高松店,イオン高松線
瀬戸内町,ことでんバス（株）,"まちなかループバス・東廻り, まちなかループバス・西廻り"
瀬戸内町,イオンモール高松店,イオン高松線
警察学校前,イオンモール高松店,イオン高松線
中塚,ことでんバス（株）,"下笠居線, 香西線"
新北町口,ことでんバス（株）,"まちなかループバス・東廻り, まちなかループバス・西廻り"
新北町口,イオンモール高松店,イオン高松線
中央卸売市場前,ことでんバス（株）,"まちなかループバス・東廻り, まちなかループバス・西廻り"
中央卸売市場前,イオンモール高松店,イオン高松線
沙弥島万葉会館,坂出市,坂出市営バス
城東町,ことでんバス（株）,"まちなかループバス・東廻り, 朝日町線, まちなかループバス・西廻り"
県立武道館,ことでんバス（株）,朝日町線
せとうち観光専門職短大,ことでんバス（株）,屋島大橋線
三越前,ことでんバス（株）,"屋島大橋線, まちなかループバス・東廻り, レインボー循環バス　東廻り, まちなかループバス・西廻り, レインボー循環バス　西廻り"
大洲,琴参バス（株）,王越線
香西,ことでんバス（株）,"下笠居線, 香西線"
高松けいりん場,ことでんバス（株）,"下笠居線, まちなかループバス・東廻り, まちなかループバス・西廻り"
片原町駅前,ことでんバス（株）,"屋島大橋線, まちなかループバス・東廻り, まちなかループバス・西廻り"
香西中央通り,ことでんバス（株）,"下笠居線, 香西線"
笘張,さぬき市,志度・鴨庄・興津線
兵庫町,ことでんバス（株）,"下笠居線, 香西線, 由佐線, 御厩線, 塩江線, 鹿角線, 高松空港リムジンバス, 通勤特急バス, 川島線, 西植田線, 庵治線, 大学病院線, 屋島大橋線, レインボー循環バス　東廻り, レインボー循環バス　西廻り"
兵庫町,大川自動車（株）,引田線（高松〜引田）
兵庫町,イオンモール高松店,イオン高松線
北山,琴参バス（株）,王越線
須賀,琴参バス（株）,王越線
ことでん八栗駅前,ことでんバス（株）,庵治線
扇町,ことでんバス（株）,"まちなかループバス・東廻り, まちなかループバス・西廻り"
井口町,ことでんバス（株）,屋島大橋線
片原町,ことでんバス（株）,"レインボー循環バス　東廻り, レインボー循環バス　西廻り"
歯科医療センター・イオン高松東店,ことでんバス（株）,屋島大橋線
鎹公民館,琴参バス（株）,王越線
向西,琴参バス（株）,王越線
西宝町一丁目,ことでんバス（株）,下笠居線
水道橋,ことでんバス（株）,下笠居線
向,琴参バス（株）,王越線
香東交番前,ことでんバス（株）,"下笠居線, 香西線"
郷東橋,ことでんバス（株）,"下笠居線, 香西線"
末広町,ことでんバス（株）,"まちなかループバス・東廻り, まちなかループバス・西廻り"
福岡町,ことでんバス（株）,"まちなかループバス・東廻り, まちなかループバス・西廻り"
郷東橋西,ことでんバス（株）,"下笠居線, 香西線"
四国電力,坂出市,坂出市営バス
昭和町・市図書館前,ことでんバス（株）,"下笠居線, まちなかループバス・東廻り, まちなかループバス・西廻り"
丸亀町参番街,ことでんバス（株）,"まちなかループバス・東廻り, まちなかループバス・西廻り"
高松商工会議所前,ことでんバス（株）,"まちなかループバス・東廻り, まちなかループバス・西廻り"
八栗,ことでんバス（株）,庵治線
本津,ことでんバス（株）,"下笠居線, 香西線"
香西東町,ことでんバス（株）,"下笠居線, 香西線"
松福町2丁目,ことでんバス（株）,屋島大橋線
紺屋町,ことでんバス（株）,"下笠居線, 香西線, 由佐線, 御厩線, 塩江線, 鹿角線, 川島線, 西植田線, 庵治線, 大学病院線, 屋島大橋線, レインボー循環バス　東廻り, レインボー循環バス　西廻り"
紺屋町,大川自動車（株）,引田線（高松〜引田）
紺屋町,イオンモール高松店,イオン高松線
大洲公民館,琴参バス（株）,王越線
西方寺下,ことでんバス（株）,"下笠居線, 香西線"
幸町,ことでんバス（株）,下笠居線
四國村,ことでんバス（株）,屋島山上シャトルバス
白方,さぬき市,志度・鴨庄・興津線
塩屋町北,ことでんバス（株）,"まちなかループバス・東廻り, まちなかループバス・西廻り"
五番町,ことでんバス（株）,"下笠居線, 香西線, 由佐線, 御厩線, 塩江線, 鹿角線, 川島線, 西植田線, 庵治線, 大学病院線, 屋島大橋線, レインボー循環バス　東廻り, レインボー循環バス　西廻り"
五番町,大川自動車（株）,引田線（高松〜引田）
五番町,イオンモール高松店,イオン高松線
今新町,ことでんバス（株）,"レインボー循環バス　東廻り, レインボー循環バス　西廻り"
沖松島,ことでんバス（株）,屋島大橋線
香川大学教育学部前,ことでんバス（株）,"まちなかループバス・東廻り, まちなかループバス・西廻り"
市立体育館前,ことでんバス（株）,屋島大橋線
中村公民館,琴参バス（株）,王越線
蛭子神社前,琴参バス（株）,王越線
長浜,さぬき市,志度・鴨庄・興津線
市役所西,ことでんバス（株）,"下笠居線, 香西線, レインボー循環バス　東廻り, レインボー循環バス　西廻り"
上,琴参バス（株）,王越線
三菱ケミカル,坂出市,坂出市営バス
青海,琴参バス（株）,王越線
高松市役所,ことでんバス（株）,"下笠居線, 香西線, レインボー循環バス　東廻り, レインボー循環バス　西廻り"
由賀神社,琴参バス（株）,王越線
松福町,ことでんバス（株）,下笠居線
角屋前,ことでんバス（株）,庵治線
ことでん今橋駅,ことでんバス（株）,"まちなかループバス・東廻り, まちなかループバス・西廻り"
古馬場町,ことでんバス（株）,"レインボー循環バス　東廻り, レインボー循環バス　西廻り"
ことでん屋島駅,ことでんバス（株）,屋島山上シャトルバス
教育会館ミューズホール前,ことでんバス（株）,"下笠居線, 香西線"
商工中金前,ことでんバス（株）,"由佐線, 御厩線, 塩江線, 鹿角線"
塩屋町,ことでんバス（株）,下笠居線
興津海水浴場,さぬき市,志度・鴨庄・興津線
築地町,ことでんバス（株）,下笠居線
県庁通り中央公園前,ことでんバス（株）,"高松空港リムジンバス, 通勤特急バス, 川島線, 西植田線, 庵治線, 大学病院線, 屋島大橋線"
県庁通り中央公園前,イオンモール高松店,イオン高松線
県庁通り,大川自動車（株）,引田線（高松〜引田）
松島町,ことでんバス（株）,下笠居線
香川大学法学部・経済学部前,ことでんバス（株）,"まちなかループバス・東廻り, まちなかループバス・西廻り"
高松中央高校前,ことでんバス（株）,下笠居線
港,琴参バス（株）,王越線
紫雲中学前,ことでんバス（株）,"下笠居線, 香西線"
県庁・日赤前,ことでんバス（株）,"下笠居線, 香西線, まちなかループバス・東廻り, レインボー循環バス　東廻り, まちなかループバス・西廻り, レインボー循環バス　西廻り"
南新町,ことでんバス（株）,"川島線, 西植田線, 庵治線, 大学病院線, 屋島大橋線"
南新町,大川自動車（株）,引田線（高松〜引田）
南新町,イオンモール高松店,イオン高松線
宮脇町,ことでんバス（株）,"下笠居線, 香西線"
高松商業西,ことでんバス（株）,"まちなかループバス・東廻り, まちなかループバス・西廻り"
古高松,ことでんバス（株）,庵治線
高屋局前,琴参バス（株）,王越線
瓦町駅東口,ことでんバス（株）,"まちなかループバス・東廻り, まちなかループバス・西廻り"
瓦町,ことでんバス（株）,"下笠居線, 由佐線, 御厩線, 塩江線, 鹿角線, 高松空港リムジンバス, 川島線, 西植田線, 庵治線, 大学病院線, 屋島大橋線, レインボー循環バス　東廻り, レインボー循環バス　西廻り"
瓦町,大川自動車（株）,引田線（高松〜引田）
瓦町,イオンモール高松店,イオン高松線
本小田,さぬき市,"志度・鴨部・小田線, 志度・鴨庄・興津線"
亀岡町香川県薬剤師会前,ことでんバス（株）,"下笠居線, 香西線, まちなかループバス・東廻り, まちなかループバス・西廻り"
塩上町3丁目,ことでんバス（株）,"まちなかループバス・東廻り, まちなかループバス・西廻り"
昭和橋西側,さぬき市,志度・鴨庄・興津線
昭和橋東側,さぬき市,志度・鴨庄・興津線
番の州町,坂出市,坂出市営バス
八本松,ことでんバス（株）,"下笠居線, 香西線, まちなかループバス・東廻り, レインボー循環バス　東廻り, まちなかループバス・西廻り, レインボー循環バス　西廻り"
米出,琴参バス（株）,王越線
志度カントリークラブ口,さぬき市,"志度・鴨部・小田線, 小田・津田・鶴羽線"
松山小学校前,琴参バス（株）,王越線
馬場先,ことでんバス（株）,"庵治線, 大学病院線"
中新町,ことでんバス（株）,"下笠居線, 由佐線, 御厩線, 塩江線, 鹿角線, 高松空港リムジンバス, 通勤特急バス, レインボー循環バス　東廻り, レインボー循環バス　西廻り"
峰山,ことでんバス（株）,"まちなかループバス・東廻り, まちなかループバス・西廻り"
大空口,さぬき市,"志度・鴨部・小田線, 小田・津田・鶴羽線, 志度・鴨庄・興津線"
小田,さぬき市,"志度・鴨部・小田線, 志度・鴨庄・興津線"
田町,ことでんバス（株）,"下笠居線, 由佐線, 御厩線, 塩江線, 鹿角線"
西浜,さぬき市,"志度・鴨部・小田線, 志度・鴨庄・興津線"
JR屋島駅,ことでんバス（株）,屋島山上シャトルバス
南瓦町,ことでんバス（株）,"由佐線, 御厩線, 塩江線, 鹿角線"
八幡前,ことでんバス（株）,"まちなかループバス・東廻り, まちなかループバス・西廻り"
百石,ことでんバス（株）,"庵治線, 大学病院線"
新川,ことでんバス（株）,"庵治線, 大学病院線"
浜中,琴参バス（株）,王越線
高屋,琴参バス（株）,王越線
香川日産前,ことでんバス（株）,"鹿角線, 川島線, 西植田線, 庵治線, 大学病院線"
香川日産前,大川自動車（株）,引田線（高松〜引田）
JA古高松支店前,ことでんバス（株）,大学病院線
藤塚町,ことでんバス（株）,"レインボー循環バス　東廻り, レインボー循環バス　西廻り"
日盛の里,さぬき市,"志度・鴨部・小田線, 志度・鴨庄・興津線"
花園町,ことでんバス（株）,"鹿角線, 川島線, 西植田線, 庵治線, 大学病院線"
花園町,大川自動車（株）,引田線（高松〜引田）
春日町浜免,ことでんバス（株）,"庵治線, 大学病院線"
仁兵谷,さぬき市,志度・鴨部・小田線
高予備前,ことでんバス（株）,"川島線, 西植田線, 庵治線, 大学病院線"
高予備前,大川自動車（株）,引田線（高松〜引田）
上福岡,ことでんバス（株）,"川島線, 庵治線, 大学病院線"
総社神社前,琴参バス（株）,王越線
春日川,ことでんバス（株）,"庵治線, 大学病院線"
国際ホテル前,ことでんバス（株）,"川島線, 庵治線, 大学病院線"
玉藻中学前,ことでんバス（株）,"川島線, 西植田線"
玉藻中学前,大川自動車（株）,引田線（高松〜引田）
中野町,ことでんバス（株）,"由佐線, 御厩線, 塩江線, 鹿角線, レインボー循環バス　東廻り, レインボー循環バス　西廻り"
詰田川,ことでんバス（株）,"庵治線, 大学病院線"
大谷,さぬき市,志度・鴨庄・興津線
木太町,ことでんバス（株）,"庵治線, 大学病院線"
浜西,琴参バス（株）,王越線
大井,さぬき市,志度・鴨庄・興津線
川崎重工,坂出市,坂出市営バス
古高松小学校前,ことでんバス（株）,大学病院線
小方漁村センター,さぬき市,志度・鴨庄・興津線
JR栗林駅,ことでんバス（株）,"レインボー循環バス　東廻り, レインボー循環バス　西廻り"
ハローズ林田店前,琴参バス（株）,王越線
佐料,ことでんバス（株）,高松西高線
キナシ大林病院,ことでんバス（株）,高松西高線
塩口,琴参バス（株）,王越線
鶴市町,ことでんバス（株）,高松西高線
新開,琴参バス（株）,王越線
楠上町,ことでんバス（株）,鹿角線
高松市保健センター,ことでんバス（株）,"レインボー循環バス　東廻り, レインボー循環バス　西廻り"
高屋南,琴参バス（株）,王越線
下所,琴参バス（株）,王越線
栗林公園前,ことでんバス（株）,"由佐線, 御厩線, 塩江線, 鹿角線, 高松空港リムジンバス, 通勤特急バス, レインボー循環バス　東廻り, レインボー循環バス　西廻り"
林田農協前,琴参バス（株）,王越線
奥ノ谷,さぬき市,志度・鴨部・小田線
堀江,ことでんバス（株）,大学病院線
鬼無町佐藤,ことでんバス（株）,高松西高線
木太町川西,ことでんバス（株）,川島線
生涯学習館,さぬき市,志度・鴨庄・興津線
松縄道,ことでんバス（株）,"川島線, 西植田線"
松縄道,大川自動車（株）,引田線（高松〜引田）
徳島文理大北口,さぬき市,志度・鴨庄・興津線
高松一高前,ことでんバス（株）,"レインボー循環バス　東廻り, レインボー循環バス　西廻り"
川尻橋,琴参バス（株）,王越線
猪塚,さぬき市,小田・津田・鶴羽線
鴨庄郵便局前,さぬき市,志度・鴨庄・興津線
香西歯科医院前,琴参バス（株）,王越線
ニュータウン江尻北口,琴参バス（株）,坂出市循環バス
レインボーロード入口,ことでんバス（株）,川島線
白峰中学校前,琴参バス（株）,王越線
坂出営業所,琴参バス（株）,"島田線, 岡田線, 坂出綾川線, 王越線"
東梶,琴参バス（株）,王越線
鬼無駅前,ことでんバス（株）,高松西高線
文理大・音楽ホール口,さぬき市,志度・鴨庄・興津線
今里町1丁目,ことでんバス（株）,鹿角線
仮屋,ことでんバス（株）,"川島線, 西植田線"
仮屋,大川自動車（株）,引田線（高松〜引田）
江尻北自治会館前,琴参バス（株）,坂出市循環バス
桜町中学前,ことでんバス（株）,"レインボー循環バス　東廻り, レインボー循環バス　西廻り"
横井,さぬき市,志度・鴨庄・興津線
花ノ宮町,ことでんバス（株）,塩江線
高松西高,ことでんバス（株）,高松西高線
坂出港湾合同庁舎前,琴参バス（株）,"島田線, 岡田線, 坂出綾川線, 王越線, 坂出市循環バス"
室北口,ことでんバス（株）,"由佐線, 御厩線, 鹿角線, レインボー循環バス　東廻り, レインボー循環バス　西廻り"
雲井橋,琴参バス（株）,王越線
札場東,ことでんバス（株）,川島線
さぬき市役所,さぬき市,"志度・造田・多和線, 志度・鴨部・小田線, 志度・鴨部・寒川循環線, 志度・鴨庄・興津線, 寒川・津田・志度線"
徳島文理大構内,さぬき市,"志度・鴨部・寒川循環線, 寒川・津田・志度線"
公民館前,ことでんバス（株）,高松西高線
新坂江橋下,琴参バス（株）,坂出市循環バス
札場,ことでんバス（株）,"川島線, 西植田線"
札場,大川自動車（株）,引田線（高松〜引田）
新田,ことでんバス（株）,大学病院線
ニュータウン江尻東口,琴参バス（株）,坂出市循環バス
今里町,ことでんバス（株）,川島線
トキワテニス前,ことでんバス（株）,"レインボー循環バス　東廻り, レインボー循環バス　西廻り"
地蔵前,琴参バス（株）,王越線
坂出中央埠頭（海の幸ふれあい市場）,琴参バス（株）,"島田線, 岡田線, 坂出綾川線, 王越線, 坂出市循環バス"
瀬の下,さぬき市,小田・津田・鶴羽線
西高入口,ことでんバス（株）,高松西高線
徳島文理大国道口,さぬき市,"志度・鴨部・小田線, 志度・鴨部・寒川循環線, 寒川・津田・志度線"
志度東体育館前,さぬき市,"志度・鴨部・小田線, 志度・鴨部・寒川循環線, 寒川・津田・志度線"
番の州公園,坂出市,坂出市営バス
室新町,ことでんバス（株）,"由佐線, 御厩線"
東室新町,ことでんバス（株）,"鹿角線, レインボー循環バス　東廻り, レインボー循環バス　西廻り"
ニュータウン江尻西口,琴参バス（株）,坂出市循環バス
市立体育館,琴参バス（株）,坂出市循環バス
ムーミー志度店東側,さぬき市,志度・鴨庄・興津線
ニュータウン江尻第2公園前,琴参バス（株）,坂出市循環バス
ムーミー志度店,さぬき市,"志度・鴨部・小田線, 志度・鴨部・寒川循環線, 寒川・津田・志度線"
峰山くらしひろば前,ことでんバス（株）,高松西高線
ことでん林道駅,ことでんバス（株）,川島線
琴電志度駅,さぬき市,"志度・造田・多和線, 志度・鴨部・小田線, 志度・鴨部・寒川循環線, 志度・鴨庄・興津線, 寒川・津田・志度線"
東大浜緑地,琴参バス（株）,坂出市循環バス
深宝,さぬき市,志度・鴨部・小田線
西大浜北,琴参バス（株）,坂出市循環バス
天野峠,さぬき市,"志度・鴨部・小田線, 志度・鴨部・寒川循環線, 寒川・津田・志度線"
御供所公園,坂出市,坂出市営バス
坂出北インター,琴参バス（株）,坂出市循環バス
JR志度駅,さぬき市,"志度・造田・多和線, 志度・鴨部・小田線, 志度・鴨部・寒川循環線, 志度・鴨庄・興津線, 寒川・津田・志度線"
大手前高松中学高校,ことでんバス（株）,高松西高線
公文,ことでんバス（株）,大学病院線
アキ歯科医院前,ことでんバス（株）,川島線
上之町,ことでんバス（株）,塩江線
今里交番前,ことでんバス（株）,"鹿角線, レインボー循環バス　東廻り, レインボー循環バス　西廻り"
天野,さぬき市,"志度・鴨部・小田線, 志度・鴨部・寒川循環線, 志度・鴨庄・興津線, 寒川・津田・志度線"
両景橋,琴参バス（株）,瀬戸大橋線
江尻,琴参バス（株）,王越線
両景橋東詰,琴参バス（株）,"瀬戸大橋線, 島田線, 岡田線, 坂出綾川線, 王越線, 坂出市循環バス"
曽根,さぬき市,小田・津田・鶴羽線
国道口,さぬき市,志度・造田・多和線
土居宮,ことでんバス（株）,"由佐線, 御厩線"
木太東口,大川自動車（株）,引田線（高松〜引田）
西大浜南,琴参バス（株）,坂出市循環バス
大橋,さぬき市,"志度・鴨部・小田線, 志度・鴨部・寒川循環線, 志度・鴨庄・興津線, 寒川・津田・志度線"
商工会議所,琴参バス（株）,坂出市循環バス
はぜ,ことでんバス（株）,高松西高線
マルナカ志度店,さぬき市,志度・鴨部・寒川循環線
入船町,琴参バス（株）,坂出市循環バス
木太南小学校,ことでんバス（株）,川島線
常盤公園登山口,琴参バス（株）,坂出市循環バス
江泊,さぬき市,小田・津田・鶴羽線
八坂前,ことでんバス（株）,"川島線, 西植田線"
サンフラワー伏石,ことでんバス（株）,"鹿角線, レインボー循環バス　東廻り, レインボー循環バス　西廻り"
労住協不動産センタービル,ことでんバス（株）,川島線
高松医療センター,ことでんバス（株）,大学病院線
宮下町（タイガー釣具店前）,琴参バス（株）,坂出市循環バス
坂江橋,琴参バス（株）,"王越線, 坂出市循環バス"
成山口,さぬき市,"志度・鴨部・小田線, 志度・鴨部・寒川循環線, 寒川・津田・志度線"
久米町,琴参バス（株）,坂出市循環バス
西はぜ,ことでんバス（株）,"由佐線, 御厩線"
東部中学校南,琴参バス（株）,坂出市循環バス
鳥洲神社,琴参バス（株）,坂出市循環バス
元町・京町三丁目,琴参バス（株）,"瀬戸大橋線, 島田線, 岡田線, 坂出綾川線, 王越線"
市民ホール前,琴参バス（株）,坂出市循環バス
元町三丁目,琴参バス（株）,坂出市循環バス
常盤公園登山口,坂出市,坂出市営バス
港町,琴参バス（株）,"島田線, 岡田線, 坂出綾川線"
港町,坂出市,坂出市営バス
元町京町三丁目,坂出市,坂出市営バス
市立病院北,坂出市,坂出市営バス
回生病院前,琴参バス（株）,"王越線, 坂出市循環バス"
野田池,ことでんバス（株）,"レインボー循環バス　東廻り, レインボー循環バス　西廻り"
JAF香川支部前,ことでんバス（株）,川島線
白金町,坂出市,坂出市営バス
坂出警察署,琴参バス（株）,坂出市循環バス
三条,ことでんバス（株）,塩江線
市立病院,琴参バス（株）,"島田線, 岡田線, 坂出綾川線, 坂出市循環バス"
松縄下所公園前,ことでんバス（株）,"レインボー循環バス　東廻り, レインボー循環バス　西廻り"
坂工前,坂出市,坂出市営バス
ゆめタウン高松前,ことでんバス（株）,"高松西高線, 鹿角線, 高松空港リムジンバス, 通勤特急バス, レインボー循環バス　東廻り, レインボー循環バス　西廻り"
室町タウン・回生病院,琴参バス（株）,坂出市循環バス
市役所,琴参バス（株）,坂出市循環バス
南公文,ことでんバス（株）,大学病院線
元山下,大川自動車（株）,引田線（高松〜引田）
田尾墓地前,琴参バス（株）,坂出市循環バス
志度中学校前,さぬき市,志度・造田・多和線
三井団地,さぬき市,志度・鴨部・寒川循環線
鶴尾,ことでんバス（株）,"由佐線, 御厩線"
中尾,さぬき市,志度・鴨部・小田線
松尾,さぬき市,小田・津田・鶴羽線
新開金山,琴参バス（株）,坂出市循環バス
向井北,ことでんバス（株）,川島線
伏石中央,ことでんバス（株）,鹿角線
藤村,さぬき市,志度・造田・多和線
横津町,琴参バス（株）,坂出市循環バス
江尻町,琴参バス（株）,坂出市循環バス
旭町,琴参バス（株）,坂出市循環バス
坂出市役所前,琴参バス（株）,王越線
内浜（八幡神社参道口）,琴参バス（株）,坂出市循環バス
宮前公民館前,ことでんバス（株）,"川島線, 西植田線"
中通町,琴参バス（株）,"島田線, 岡田線, 坂出綾川線"
西松屋前,ことでんバス（株）,"川島線, レインボー循環バス　東廻り, レインボー循環バス　西廻り"
坂出小学校北,琴参バス（株）,坂出市循環バス
東部小学校,琴参バス（株）,坂出市循環バス
県住志度,さぬき市,志度・造田・多和線
元町・京町,琴参バス（株）,"瀬戸大橋線, 島田線, 岡田線, 坂出綾川線, 王越線"
元町京町,坂出市,坂出市営バス
坂出駅,琴参バス（株）,丸亀・空港リムジンバス　丸亀坂手線
坂出小学校東,琴参バス（株）,坂出市循環バス
図書館・美術館,琴参バス（株）,坂出市循環バス
橋詰,ことでんバス（株）,"由佐線, 御厩線"
津村ハイツ,さぬき市,志度・鴨部・寒川循環線
坂出駅前,琴参バス（株）,"瀬戸大橋線, 島田線, 岡田線, 坂出綾川線, 王越線, 坂出市循環バス"
坂出駅前,坂出市,坂出市営バス
富士見町,琴参バス（株）,坂出市循環バス
ホンダカーズ香川高松中央インター店前,ことでんバス（株）,川島線
鴨部出張所前,さぬき市,"志度・鴨部・小田線, 寒川・津田・志度線"
聖マルチン病院,琴参バス（株）,坂出市循環バス
鴨部公民館,さぬき市,志度・鴨部・寒川循環線
新浜町,琴参バス（株）,坂出市循環バス
たかまつ楽器前,ことでんバス（株）,鹿角線
JA香川県鴨部支店,さぬき市,"志度・鴨部・小田線, 志度・鴨部・寒川循環線"
八幡池東,琴参バス（株）,坂出市循環バス
南三条,ことでんバス（株）,塩江線
四国水族館,丸亀市,"丸亀コミュニティバス「丸亀東線」, 丸亀コミュニティバス「レオマ宇多津線」"
平畑,さぬき市,小田・津田・鶴羽線
志度南交流センター前,さぬき市,志度・鴨部・寒川循環線
元山,大川自動車（株）,引田線（高松〜引田）
グリーンタウン,さぬき市,志度・造田・多和線
八幡池,琴参バス（株）,坂出市循環バス
レインボーロード伏石,ことでんバス（株）,"川島線, レインボー循環バス　東廻り, レインボー循環バス　西廻り"
富士見町,琴参バス（株）,"島田線, 岡田線, 坂出綾川線"
久本,ことでんバス（株）,大学病院線
坂出高校前,琴参バス（株）,坂出市循環バス
八幡団地,琴参バス（株）,坂出市循環バス
志度バスストップ,さぬき市,志度・造田・多和線
高松中央インター北,ことでんバス（株）,川島線
三条池,ことでんバス（株）,"高松西高線, 鹿角線, レインボー循環バス　東廻り, レインボー循環バス　西廻り"
小山,ことでんバス（株）,"由佐線, 御厩線"
小掛,マルイ観光バス（株）,国分寺コミュニティバス　国分駅-端岡駅-運動公園線
羽立峠,さぬき市,寒川・津田・志度線
大池,ことでんバス（株）,"川島線, 西植田線"
新浜,琴参バス（株）,"島田線, 岡田線, 坂出綾川線"
ことでん伏石駅,ことでんバス（株）,"高松西高線, 伏石駅サンメッセ線, 鹿角線, レインボー循環バス　東廻り, レインボー循環バス　西廻り"
香川高専前,ことでんバス（株）,御厩線
東大谷,マルイ観光バス（株）,国分寺コミュニティバス　国分駅-端岡駅-運動公園線
宇多津浜二番丁,丸亀市,"丸亀コミュニティバス「丸亀東線」, 丸亀コミュニティバス「レオマ宇多津線」"
角山温水プール前,琴参バス（株）,坂出市循環バス
ニュータウン第3公園,さぬき市,志度・鴨部・寒川循環線
県立総合プール,ことでんバス（株）,御厩線
県営プール前,マルイ観光バス（株）,国分寺コミュニティバス　国分駅-端岡駅-運動公園線
横田,ことでんバス（株）,鹿角線
サンフラワー東,ことでんバス（株）,"レインボー循環バス　東廻り, レインボー循環バス　西廻り"
下張,さぬき市,志度・鴨部・寒川循環線
居石,ことでんバス（株）,伏石駅サンメッセ線
川添橋,大川自動車（株）,引田線（高松〜引田）
坂出商業高校前,琴参バス（株）,坂出市循環バス
太田下,ことでんバス（株）,塩江線
福江,琴参バス（株）,"島田線, 岡田線, 坂出綾川線"
角山,琴参バス（株）,坂出市循環バス
ボートレース丸亀前,丸亀市,丸亀コミュニティバス「丸亀東線」
西大谷,マルイ観光バス（株）,国分寺コミュニティバス　国分駅-端岡駅-運動公園線
西田中,ことでんバス（株）,御厩線
宇多津駅南口,丸亀市,丸亀コミュニティバス「綾歌宇多津線」
宇多津駅南口,琴参バス（株）,丸亀・空港リムジンバス　丸亀坂手線
宇多津駅北口,丸亀市,"丸亀コミュニティバス「丸亀東線」, 丸亀コミュニティバス「レオマ宇多津線」"
正勝,ことでんバス（株）,御厩線
オークラホテル丸亀,琴参バス（株）,"丸亀・空港リムジンバス　丸亀坂手線, 丸亀・空港リムジンバス　丸亀善通寺線"
青葉町,琴参バス（株）,坂出市循環バス
御厩,ことでんバス（株）,御厩線
中森,ことでんバス（株）,御厩線
南部公民館前,琴参バス（株）,坂出市循環バス
吉見,さぬき市,小田・津田・鶴羽線
さこ,ことでんバス（株）,"川島線, 西植田線"
端岡駅北,マルイ観光バス（株）,国分寺コミュニティバス　国分駅-端岡駅-運動公園線
養護学校前,ことでんバス（株）,鹿角線
幸田,さぬき市,志度・造田・多和線
アイアイイスズ・ドリーム前,ことでんバス（株）,川島線
八幡,ことでんバス（株）,御厩線
端岡駅前,マルイ観光バス（株）,"国分寺コミュニティバス　運動公園-端岡駅-南部小学校-岡本駅線, 国分寺コミュニティバス　国分駅-端岡駅-運動公園線"
高松中央インター南,ことでんバス（株）,川島線
新居東下所,マルイ観光バス（株）,国分寺コミュニティバス　国分駅-端岡駅-運動公園線
ユープラザうたづ西,丸亀市,丸亀コミュニティバス「綾歌宇多津線」
西山,琴参バス（株）,"島田線, 岡田線, 坂出綾川線, 坂出市循環バス"
北部コミセン前,マルイ観光バス（株）,"国分寺コミュニティバス　運動公園-端岡駅-南部小学校-岡本駅線, 国分寺コミュニティバス　国分駅-端岡駅-運動公園線"
田中,ことでんバス（株）,由佐線
北原,さぬき市,小田・津田・鶴羽線
松ノ元,ことでんバス（株）,伏石駅サンメッセ線
水田,大川自動車（株）,引田線（高松〜引田）
三角,ことでんバス（株）,鹿角線
末公民館,さぬき市,志度・鴨部・寒川循環線
ダイアパレス前,マルイ観光バス（株）,国分寺コミュニティバス　国分駅-端岡駅-運動公園線
下所,さぬき市,志度・鴨部・寒川循環線
林町,ことでんバス（株）,"川島線, 西植田線"
東山,マルイ観光バス（株）,"国分寺コミュニティバス　運動公園-端岡駅-南部小学校-岡本駅線, 国分寺コミュニティバス　国分駅-端岡駅-運動公園線"
香川県警機動隊前,ことでんバス（株）,伏石駅サンメッセ線
谷川,ことでんバス（株）,大学病院線
北羽立,さぬき市,寒川・津田・志度線
鹿角,ことでんバス（株）,鹿角線
ふーずらんど前,ことでんバス（株）,川島線
中空,さぬき市,志度・鴨部・寒川循環線
里,マルイ観光バス（株）,国分寺コミュニティバス　国分駅-端岡駅-運動公園線
三ツ星ベルト前,さぬき市,小田・津田・鶴羽線
国分八幡前,マルイ観光バス（株）,国分寺コミュニティバス　国分駅-端岡駅-運動公園線
新聞放送会館前,丸亀市,丸亀コミュニティバス「丸亀東線」
JRオレンジタウン駅東側,さぬき市,志度・造田・多和線
中讃保健福祉事務所,丸亀市,丸亀コミュニティバス「レオマ宇多津線」
馬場,マルイ観光バス（株）,国分寺コミュニティバス　国分駅-端岡駅-運動公園線
新居西下所,マルイ観光バス（株）,国分寺コミュニティバス　国分駅-端岡駅-運動公園線
太田,ことでんバス（株）,塩江線
国分駅前,マルイ観光バス（株）,国分寺コミュニティバス　国分駅-端岡駅-運動公園線
宇夫階,丸亀市,丸亀コミュニティバス「綾歌宇多津線」
マルヨシセンター前,マルイ観光バス（株）,国分寺コミュニティバス　運動公園-端岡駅-南部小学校-岡本駅線
成合,ことでんバス（株）,由佐線
山正電化前,琴参バス（株）,"島田線, 岡田線, 坂出綾川線"
パワーシティレインボー店前,ことでんバス（株）,"伏石駅サンメッセ線, 川島線"
東前田,ことでんバス（株）,大学病院線
ふれあい会館,さぬき市,小田・津田・鶴羽線
下り原,ことでんバス（株）,川島線
朝日段ボール前,マルイ観光バス（株）,国分寺コミュニティバス　運動公園-端岡駅-南部小学校-岡本駅線
富士見町,丸亀市,丸亀コミュニティバス「丸亀東線」
香川大学附属中学校前,ことでんバス（株）,"高松空港リムジンバス, 通勤特急バス"
新開,丸亀市,丸亀コミュニティバス「綾歌宇多津線」
旧国分寺郵便局前,マルイ観光バス（株）,"国分寺コミュニティバス　運動公園-端岡駅-南部小学校-岡本駅線, 国分寺コミュニティバス　国分駅-端岡駅-運動公園線"
林新道,ことでんバス（株）,川島線
亀の町,ことでんバス（株）,"川島線, 西植田線"
マルナカ前,マルイ観光バス（株）,国分寺コミュニティバス　運動公園-端岡駅-南部小学校-岡本駅線
東汐入川けんこう公園前,丸亀市,丸亀コミュニティバス「丸亀東線」
国分寺社会福祉センター前,マルイ観光バス（株）,国分寺コミュニティバス　運動公園-端岡駅-南部小学校-岡本駅線
上鹿角,ことでんバス（株）,鹿角線
連尺,琴参バス（株）,"島田線, 岡田線, 坂出綾川線"
城北こども園前,丸亀市,丸亀コミュニティバス「丸亀東線」
東新開,丸亀市,丸亀コミュニティバス「丸亀東線」
前田橋,大川自動車（株）,引田線（高松〜引田）
国分寺総合センター前,マルイ観光バス（株）,"国分寺コミュニティバス　運動公園-端岡駅-南部小学校-岡本駅線, 国分寺コミュニティバス　国分駅-端岡駅-運動公園線"
南羽立,さぬき市,寒川・津田・志度線
野間,マルイ観光バス（株）,国分寺コミュニティバス　運動公園-端岡駅-南部小学校-岡本駅線
津田橋,さぬき市,小田・津田・鶴羽線
御供所児童遊園前,丸亀市,丸亀コミュニティバス「丸亀東線」
香東中学前,ことでんバス（株）,由佐線
ALSOKオレンジタウン営業所,さぬき市,志度・造田・多和線
サンメッセ東,ことでんバス（株）,"伏石駅サンメッセ線, 川島線, 西植田線"
香川県済生会病院・高松桜井高校前,ことでんバス（株）,"伏石駅サンメッセ線, 川島線"
中村排水機場前,さぬき市,志度・鴨部・寒川循環線
北川向,マルイ観光バス（株）,"国分寺コミュニティバス　運動公園-端岡駅-南部小学校-岡本駅線, 国分寺コミュニティバス　国分駅-端岡駅-運動公園線"
蓬莱橋,丸亀市,"丸亀コミュニティバス「丸亀東線」, 丸亀コミュニティバス「レオマ宇多津線」, 丸亀コミュニティバス「綾歌宇多津線」"
丸亀港,丸亀市,丸亀コミュニティバス「丸亀垂水線」
三名,ことでんバス（株）,塩江線
学校前,ことでんバス（株）,大学病院線
サンメッセ香川,ことでんバス（株）,"伏石駅サンメッセ線, 川島線, 西植田線"
田潮八幡口,丸亀市,丸亀コミュニティバス「丸亀東線」
西原,マルイ観光バス（株）,国分寺コミュニティバス　運動公園-端岡駅-南部小学校-岡本駅線
サンメッセ西,ことでんバス（株）,伏石駅サンメッセ線
堀口医院前,琴参バス（株）,"島田線, 岡田線, 坂出綾川線"
県立図書館・文書館前,ことでんバス（株）,"伏石駅サンメッセ線, 川島線"
津田高校,さぬき市,"小田・津田・鶴羽線, 寒川・津田・志度線"
古川橋,ことでんバス（株）,"川島線, 西植田線"
下大内,ことでんバス（株）,鹿角線
下円座,ことでんバス（株）,由佐線
香川大学創造工学部前,ことでんバス（株）,"伏石駅サンメッセ線, 川島線"
桜木神社前,ことでんバス（株）,"伏石駅サンメッセ線, 川島線"
大学病院,ことでんバス（株）,大学病院線
津田運動公園,さぬき市,寒川・津田・志度線
渡場,丸亀市,"丸亀コミュニティバス「丸亀東線」, 丸亀コミュニティバス「レオマ宇多津線」, 丸亀コミュニティバス「綾歌宇多津線」"
丸亀駅,琴参バス（株）,"琴平線, 丸亀・空港リムジンバス　丸亀坂手線, 丸亀・空港リムジンバス　丸亀善通寺線"
丸亀駅,丸亀市,"丸亀コミュニティバス「丸亀西線」, 丸亀コミュニティバス「丸亀東線」, 丸亀コミュニティバス「レオマ宇多津線」, 丸亀コミュニティバス「丸亀垂水線」, 丸亀コミュニティバス「綾歌宇多津線」"
馬次道,さぬき市,寒川・津田・志度線
土器本村,丸亀市,丸亀コミュニティバス「丸亀東線」
特別養護老人ホーム一宮の里前,ことでんバス（株）,鹿角線
川津公民館前,琴参バス（株）,"島田線, 岡田線, 坂出綾川線"
津田診療所,さぬき市,"小田・津田・鶴羽線, 寒川・津田・志度線"
さわやか荘入口,さぬき市,寒川・津田・志度線
六条,ことでんバス（株）,"川島線, 西植田線"
脇橋,さぬき市,志度・鴨部・寒川循環線
県営団地西口,マルイ観光バス（株）,国分寺コミュニティバス　運動公園-端岡駅-南部小学校-岡本駅線
ファミリーマート高松小村町店,山田地区乗合タクシー等実行委員会,山田地区乗合タクシー：青ルート
南川向,マルイ観光バス（株）,"国分寺コミュニティバス　運動公園-端岡駅-南部小学校-岡本駅線, 国分寺コミュニティバス　国分駅-端岡駅-運動公園線"
川北,さぬき市,寒川・津田・志度線
六反地,琴参バス（株）,"島田線, 岡田線, 坂出綾川線"
野間池,さぬき市,志度・鴨部・寒川循環線
丸亀通町,丸亀市,"丸亀コミュニティバス「丸亀西線」, 丸亀コミュニティバス「丸亀東線」, 丸亀コミュニティバス「レオマ宇多津線」, 丸亀コミュニティバス「丸亀垂水線」, 丸亀コミュニティバス「綾歌宇多津線」"
丸亀通町,琴参バス（株）,琴平線
城東町,丸亀市,丸亀コミュニティバス「丸亀垂水線」
JR津田駅前,さぬき市,"小田・津田・鶴羽線, 寒川・津田・志度線"
旧津田農協前,さぬき市,"小田・津田・鶴羽線, 寒川・津田・志度線"
中三名,ことでんバス（株）,塩江線
南条町,琴参バス（株）,"琴平線, 丸亀・空港リムジンバス　丸亀坂手線, 丸亀・空港リムジンバス　丸亀善通寺線"
南条町,丸亀市,"丸亀コミュニティバス「丸亀西線」, 丸亀コミュニティバス「丸亀東線」, 丸亀コミュニティバス「レオマ宇多津線」, 丸亀コミュニティバス「丸亀垂水線」, 丸亀コミュニティバス「綾歌宇多津線」"
丸亀市役所前（マルタス前）,丸亀市,"丸亀コミュニティバス「丸亀西線」, 丸亀コミュニティバス「丸亀東線」, 丸亀コミュニティバス「レオマ宇多津線」, 丸亀コミュニティバス「丸亀垂水線」, 丸亀コミュニティバス「綾歌宇多津線」"
労災病院,丸亀市,"丸亀コミュニティバス「丸亀西線」, 丸亀コミュニティバス「丸亀東線」, 丸亀コミュニティバス「レオマ宇多津線」, 丸亀コミュニティバス「丸亀垂水線」, 丸亀コミュニティバス「綾歌宇多津線」"
奥寺,さぬき市,寒川・津田・志度線
高田駅,山田地区乗合タクシー等実行委員会,"山田地区乗合タクシー：青ルート, 山田地区乗合タクシー：赤ルート"
丸亀城前,丸亀市,"丸亀コミュニティバス「丸亀西線」, 丸亀コミュニティバス「丸亀東線」, 丸亀コミュニティバス「レオマ宇多津線」, 丸亀コミュニティバス「丸亀垂水線」, 丸亀コミュニティバス「綾歌宇多津線」"
幸町,丸亀市,丸亀コミュニティバス「丸亀西線」
ことでん高田駅,ことでんバス（株）,大学病院線
三ツ辻,ことでんバス（株）,由佐線
川辺,マルイ観光バス（株）,"国分寺コミュニティバス　運動公園-端岡駅-南部小学校-岡本駅線, 国分寺コミュニティバス　国分駅-端岡駅-運動公園線"
高田,大川自動車（株）,引田線（高松〜引田）
吉岡,丸亀市,丸亀コミュニティバス「丸亀東線」
津田出張所,さぬき市,"津田・大川・寒川線, 小田・津田・鶴羽線, 寒川・津田・志度線"
土器団地,丸亀市,丸亀コミュニティバス「丸亀東線」
永井整形外科前,琴参バス（株）,"島田線, 岡田線, 坂出綾川線"
中央橋北側,さぬき市,志度・造田・多和線
吉岡西,丸亀市,丸亀コミュニティバス「丸亀東線」
高津,丸亀市,丸亀コミュニティバス「丸亀垂水線」
塩屋橋,丸亀市,丸亀コミュニティバス「丸亀西線」
由良,ことでんバス（株）,"川島線, 西植田線"
宮内,さぬき市,寒川・津田・志度線
藁屋道,さぬき市,志度・鴨部・寒川循環線
内間,マルイ観光バス（株）,国分寺コミュニティバス　運動公園-端岡駅-南部小学校-岡本駅線
津田道の駅,さぬき市,小田・津田・鶴羽線
城西小学校前,琴参バス（株）,琴平線
城西小学校前,丸亀市,"丸亀コミュニティバス「丸亀西線」, 丸亀コミュニティバス「レオマ宇多津線」, 丸亀コミュニティバス「丸亀垂水線」, 丸亀コミュニティバス「綾歌宇多津線」"
長友団地,丸亀市,丸亀コミュニティバス「丸亀東線」
一宮,ことでんバス（株）,鹿角線
空港通り一宮,ことでんバス（株）,"高松空港リムジンバス, 通勤特急バス"
若葉保育園,山田地区乗合タクシー等実行委員会,山田地区乗合タクシー：赤ルート
神野,さぬき市,小田・津田・鶴羽線
塩屋別院,丸亀市,丸亀コミュニティバス「丸亀西線」
乙井橋,さぬき市,志度・鴨部・寒川循環線
西分,丸亀市,丸亀コミュニティバス「丸亀東線」
川津,琴参バス（株）,"島田線, 岡田線, 坂出綾川線"
楓の森整形外科,山田地区乗合タクシー等実行委員会,山田地区乗合タクシー：青ルート
南部小学校北,マルイ観光バス（株）,国分寺コミュニティバス　国分駅-端岡駅-運動公園線
ことでん円座駅前,ことでんバス（株）,由佐線
琴林,さぬき市,小田・津田・鶴羽線
亀田,大川自動車（株）,引田線（高松〜引田）
丸亀高校,琴参バス（株）,琴平線
丸亀高校,丸亀市,"丸亀コミュニティバス「丸亀西線」, 丸亀コミュニティバス「レオマ宇多津線」, 丸亀コミュニティバス「丸亀垂水線」, 丸亀コミュニティバス「綾歌宇多津線」"
高津団地,丸亀市,丸亀コミュニティバス「丸亀垂水線」
南部小学校東,マルイ観光バス（株）,国分寺コミュニティバス　運動公園-端岡駅-南部小学校-岡本駅線
仏生山,ことでんバス（株）,塩江線
JR神前駅西側,さぬき市,志度・鴨部・寒川循環線
仏生山駅西口,ことでんバス（株）,"塩江線, 仏生山川島線"
ことでん仏生山駅西口,マルイ観光バス（株）,香川町シャトルバス
番丁,丸亀市,丸亀コミュニティバス「レオマ宇多津線」
多肥団地前,ことでんバス（株）,仏生山川島線
市立みんなの病院,ことでんバス（株）,"塩江線, 仏生山川島線"
市立みんなの病院,マルイ観光バス（株）,香川町シャトルバス
JR造田駅,さぬき市,"志度・造田・多和線, 津田・大川・寒川線"
川田,マルイ観光バス（株）,国分寺コミュニティバス　国分駅-端岡駅-運動公園線
中讃テレビ,丸亀市,丸亀コミュニティバス「丸亀西線」
仏生山温泉,ことでんバス（株）,仏生山川島線
寺井団地前,ことでんバス（株）,鹿角線
山崎,さぬき市,志度・鴨部・寒川循環線
石船,マルイ観光バス（株）,国分寺コミュニティバス　運動公園-端岡駅-南部小学校-岡本駅線
旧鶴羽幼稚園,さぬき市,小田・津田・鶴羽線
鶴羽西町東,さぬき市,小田・津田・鶴羽線
鶴羽郵便局,さぬき市,小田・津田・鶴羽線
切戸,ことでんバス（株）,"川島線, 西植田線"
岡ノ端東,さぬき市,小田・津田・鶴羽線
春日温泉,さぬき市,寒川・津田・志度線
西村下,丸亀市,丸亀コミュニティバス「丸亀垂水線」
鶴羽西町西,さぬき市,"津田・大川・寒川線, 小田・津田・鶴羽線"
空港通り駅,マルイ観光バス（株）,香川町コミュニティバス
JA香川大川造田出張所,さぬき市,"志度・造田・多和線, 津田・大川・寒川線"
中福家南,マルイ観光バス（株）,国分寺コミュニティバス　運動公園-端岡駅-南部小学校-岡本駅線
ふれあいセンターいいの,丸亀市,丸亀コミュニティバス「丸亀東線」
JR鶴羽駅,さぬき市,小田・津田・鶴羽線
天神下,さぬき市,小田・津田・鶴羽線
野間田,さぬき市,津田・大川・寒川線
そごうクリニック,山田地区乗合タクシー等実行委員会,山田地区乗合タクシー：青ルート
池戸,大川自動車（株）,引田線（高松〜引田）
西三谷,ことでんバス（株）,仏生山川島線
津森町,丸亀市,丸亀コミュニティバス「丸亀西線」
北谷,マルイ観光バス（株）,国分寺コミュニティバス　運動公園-端岡駅-南部小学校-岡本駅線
三の池,琴参バス（株）,"島田線, 岡田線, 坂出綾川線"
百相ヶ丘団地,マルイ観光バス（株）,香川町シャトルバス
今津町,丸亀市,丸亀コミュニティバス「丸亀西線」
広瀬橋,さぬき市,"志度・造田・多和線, 津田・大川・寒川線"
川島,ことでんバス（株）,"川島線, 西植田線"
三谷出張所,ことでんバス（株）,仏生山川島線
中府町,琴参バス（株）,琴平線
中府町,丸亀市,"丸亀コミュニティバス「丸亀垂水線」, 丸亀コミュニティバス「綾歌宇多津線」"
城西高校前,丸亀市,丸亀コミュニティバス「丸亀西線」
西村,丸亀市,丸亀コミュニティバス「丸亀垂水線」
三谷町中原,ことでんバス（株）,仏生山川島線
佐々木接骨院,山田地区乗合タクシー等実行委員会,山田地区乗合タクシー：青ルート
寒川高校前,さぬき市,志度・鴨部・寒川循環線
蓮池公園,丸亀市,"丸亀コミュニティバス「丸亀垂水線」, 丸亀コミュニティバス「綾歌宇多津線」"
亀山団地,丸亀市,丸亀コミュニティバス「丸亀東線」
大川オアシス,さぬき市,小田・津田・鶴羽線
香東園口,さぬき市,"志度・鴨部・寒川循環線, 津田・大川・寒川線"
川島小学校前,ことでんバス（株）,川島線
天神,さぬき市,小田・津田・鶴羽線
山北八幡,丸亀市,丸亀コミュニティバス「レオマ宇多津線」
橘,マルイ観光バス（株）,"国分寺コミュニティバス　運動公園-端岡駅-南部小学校-岡本駅線, 国分寺コミュニティバス　国分駅-端岡駅-運動公園線"
川島東町,ことでんバス（株）,川島線
三好内科,山田地区乗合タクシー等実行委員会,山田地区乗合タクシー：青ルート
二本坊,ことでんバス（株）,鹿角線
神宮寺,ことでんバス（株）,塩江線
久米氏,丸亀市,丸亀コミュニティバス「丸亀東線」
山田支所,ことでんバス（株）,仏生山川島線
山田支所,山田地区乗合タクシー等実行委員会,山田地区乗合タクシー：青ルート
ムーミー川島店,山田地区乗合タクシー等実行委員会,山田地区乗合タクシー：青ルート
十河小学校前,ことでんバス（株）,川島線
今津町南,丸亀市,丸亀コミュニティバス「丸亀西線」
下川部,ことでんバス（株）,由佐線
なかまの里,マルイ観光バス（株）,国分寺コミュニティバス　国分駅-端岡駅-運動公園線
そごう歯科医院,山田地区乗合タクシー等実行委員会,山田地区乗合タクシー：赤ルート
松原病院前,大川自動車（株）,引田線（高松〜引田）
ぽかぽか温泉前,丸亀市,"丸亀コミュニティバス「丸亀垂水線」, 丸亀コミュニティバス「綾歌宇多津線」"
飯野山登山口,丸亀市,丸亀コミュニティバス「丸亀東線」
JA十河支店,山田地区乗合タクシー等実行委員会,"山田地区乗合タクシー：青ルート, 山田地区乗合タクシー：赤ルート"
本村,マルイ観光バス（株）,国分寺コミュニティバス　運動公園-端岡駅-南部小学校-岡本駅線
県営団地,丸亀市,丸亀コミュニティバス「丸亀東線」
弘友,丸亀市,丸亀コミュニティバス「レオマ宇多津線」
ハローズ,マルイ観光バス（株）,香川町コミュニティバス
高熊,丸亀市,丸亀コミュニティバス「丸亀垂水線」
三本松,琴参バス（株）,"島田線, 岡田線, 坂出綾川線"
神宮寺南,マルイ観光バス（株）,香川町シャトルバス
番神,琴参バス（株）,琴平線
橘ノ丘総合運動公園,マルイ観光バス（株）,"国分寺コミュニティバス　運動公園-端岡駅-南部小学校-岡本駅線, 国分寺コミュニティバス　国分駅-端岡駅-運動公園線"
寒川小学校前,さぬき市,"志度・鴨部・寒川循環線, 津田・大川・寒川線"
ゆめタウン前,丸亀市,丸亀コミュニティバス「丸亀西線」
みどり園前,ことでんバス（株）,由佐線
森貞,さぬき市,"志度・造田・多和線, 津田・大川・寒川線"
西山王,さぬき市,志度・鴨部・寒川循環線
農学部前,大川自動車（株）,引田線（高松〜引田）
大山,さぬき市,小田・津田・鶴羽線
石ヶ鼻,マルイ観光バス（株）,国分寺コミュニティバス　運動公園-端岡駅-南部小学校-岡本駅線
はくちょう温泉,マルイ観光バス（株）,"国分寺コミュニティバス　運動公園-端岡駅-南部小学校-岡本駅線, 国分寺コミュニティバス　国分駅-端岡駅-運動公園線"
香川団地前,ことでんバス（株）,鹿角線
亀山学園,丸亀市,"丸亀コミュニティバス「丸亀垂水線」, 丸亀コミュニティバス「綾歌宇多津線」"
久保,丸亀市,丸亀コミュニティバス「丸亀東線」
北岡,琴参バス（株）,"島田線, 岡田線, 坂出綾川線"
いもじ原,丸亀市,丸亀コミュニティバス「丸亀東線」
谷町,さぬき市,津田・大川・寒川線
小山眼科前,大川自動車（株）,引田線（高松〜引田）
川西,ことでんバス（株）,西植田線
珠光園,丸亀市,丸亀コミュニティバス「丸亀東線」
岡本駅前,綾川町,畑田・千疋線
岡本駅前,マルイ観光バス（株）,国分寺コミュニティバス　運動公園-端岡駅-南部小学校-岡本駅線
大山上,さぬき市,小田・津田・鶴羽線
舟岡,ことでんバス（株）,塩江線
フジグラン十川,ことでんバス（株）,川島線
フジグラン十川,山田地区乗合タクシー等実行委員会,山田地区乗合タクシー：赤ルート
石ヶ鼻団地入口,マルイ観光バス（株）,国分寺コミュニティバス　運動公園-端岡駅-南部小学校-岡本駅線
東舟岡下,マルイ観光バス（株）,香川町シャトルバス
双子山,丸亀市,丸亀コミュニティバス「丸亀垂水線」
青石,丸亀市,丸亀コミュニティバス「丸亀東線」
三木町役場前,大川自動車（株）,引田線（高松〜引田）
三谷団地前,丸亀市,丸亀コミュニティバス「丸亀東線」
農協センター前,琴参バス（株）,琴平線
先代池,丸亀市,丸亀コミュニティバス「丸亀西線」
山根東,丸亀市,丸亀コミュニティバス「丸亀東線」
産宮通,さぬき市,"津田・大川・寒川線, 寒川・津田・志度線"
北地,さぬき市,津田・大川・寒川線
高速丸亀,琴参バス（株）,丸亀・空港リムジンバス　丸亀善通寺線
鹿伏,大川自動車（株）,引田線（高松〜引田）
相生,マルイ観光バス（株）,国分寺コミュニティバス　運動公園-端岡駅-南部小学校-岡本駅線
東町,さぬき市,"志度・造田・多和線, 津田・大川・寒川線"
川部,ことでんバス（株）,由佐線
北山田東公民館,綾川町,畑田・千疋線
山王団地前,さぬき市,志度・鴨部・寒川循環線
県畜産試験場前,大川自動車（株）,引田線（高松〜引田）
五端子,マルイ観光バス（株）,香川町シャトルバス
三船病院,丸亀市,"丸亀コミュニティバス「丸亀垂水線」, 丸亀コミュニティバス「綾歌宇多津線」"
寒川庁舎,さぬき市,"志度・鴨部・寒川循環線, 津田・大川・寒川線, 寒川・津田・志度線"
南中学校,丸亀市,丸亀コミュニティバス「レオマ宇多津線」
川西・原,丸亀市,丸亀コミュニティバス「丸亀垂水線」
田村団地,丸亀市,丸亀コミュニティバス「丸亀西線」
白山,大川自動車（株）,引田線（高松〜引田）
大野,ことでんバス（株）,鹿角線
香川中央高校,ことでんバス（株）,鹿角線
大野口,ことでんバス（株）,塩江線
中原医院前,大川自動車（株）,引田線（高松〜引田）
真行寺,大川自動車（株）,引田線（高松〜引田）
井戸,大川自動車（株）,引田線（高松〜引田）
JA飯山坂本支店前,丸亀市,"丸亀コミュニティバス「丸亀東線」, 丸亀コミュニティバス「レオマ宇多津線」"
さぬき市民病院,さぬき市,"志度・鴨部・寒川循環線, 津田・大川・寒川線, 寒川・津田・志度線"
さぬき市民病院,大川自動車（株）,引田線（高松〜引田）
上内,大川自動車（株）,引田線（高松〜引田）
石田高校前,大川自動車（株）,引田線（高松〜引田）
昭和,さぬき市,津田・大川・寒川線
山根西,丸亀市,丸亀コミュニティバス「レオマ宇多津線」
国持,丸亀市,丸亀コミュニティバス「レオマ宇多津線」
大角,さぬき市,"津田・大川・寒川線, 寒川・津田・志度線"
大角,大川自動車（株）,引田線（高松〜引田）
丸亀警察署前,琴参バス（株）,琴平線
丸亀警察署前,丸亀市,丸亀コミュニティバス「丸亀西線」
檀原,山田地区乗合タクシー等実行委員会,山田地区乗合タクシー：赤ルート
山の谷,琴参バス（株）,"島田線, 岡田線, 坂出綾川線"
山の谷,丸亀市,"丸亀コミュニティバス「丸亀東線」, 丸亀コミュニティバス「レオマ宇多津線」"
筒野通,さぬき市,"津田・大川・寒川線, 寒川・津田・志度線"
市場,ことでんバス（株）,西植田線
峯道,丸亀市,丸亀コミュニティバス「丸亀東線」
筒野,大川自動車（株）,引田線（高松〜引田）
大川バス本社前,さぬき市,"志度・造田・多和線, 津田・大川・寒川線"
大川バス本社前,大川自動車（株）,引田線（高松〜引田）
西クリニック前,綾川町,畑田・千疋線
丸亀自動車学校,丸亀市,"丸亀コミュニティバス「丸亀東線」, 丸亀コミュニティバス「レオマ宇多津線」"
旭町,さぬき市,"志度・造田・多和線, 津田・大川・寒川線"
旭町,大川自動車（株）,引田線（高松〜引田）
清水,大川自動車（株）,引田線（高松〜引田）
長尾学校前,大川自動車（株）,引田線（高松〜引田）
高柳,丸亀市,丸亀コミュニティバス「レオマ宇多津線」
陶山養鶏場前,大川自動車（株）,引田線（高松〜引田）
飯山市民総合センター,丸亀市,"丸亀コミュニティバス「丸亀東線」, 丸亀コミュニティバス「レオマ宇多津線」"
運動公園,綾川町,畑田・千疋線
ハローワークさぬき,さぬき市,志度・造田・多和線
大川出張所,さぬき市,津田・大川・寒川線
ポリテクカレッジ前,丸亀市,"丸亀コミュニティバス「丸亀垂水線」, 丸亀コミュニティバス「綾歌宇多津線」"
ウイングポート,ことでんバス（株）,通勤特急バス
楠見,丸亀市,丸亀コミュニティバス「丸亀東線」
ウィングポート,マルイ観光バス（株）,香川町コミュニティバス
久保下,マルイ観光バス（株）,香川町シャトルバス
上川部,ことでんバス（株）,由佐線
ボートピア丸亀,丸亀市,丸亀コミュニティバス「丸亀西線」
市民体育館前,琴参バス（株）,琴平線
市民体育館前,丸亀市,丸亀コミュニティバス「丸亀西線」
飯山総合学習センター,丸亀市,"丸亀コミュニティバス「丸亀東線」, 丸亀コミュニティバス「レオマ宇多津線」"
十瓶団地,綾川町,畑田・千疋線
猿王,綾川町,循環路線
かざし丘駅前,綾川町,畑田・千疋線
富田中,大川自動車（株）,引田線（高松〜引田）
春日の辻,丸亀市,"丸亀コミュニティバス「レオマ宇多津線」, 丸亀コミュニティバス「丸亀垂水線」"
大林,丸亀市,丸亀コミュニティバス「レオマ宇多津線」
大成公民館,綾川町,循環路線
ザ・ビッグ寒川店,さぬき市,"津田・大川・寒川線, 寒川・津田・志度線"
城（しろ）,山田地区乗合タクシー等実行委員会,山田地区乗合タクシー：赤ルート
河原,琴参バス（株）,"島田線, 岡田線, 坂出綾川線"
友近,さぬき市,津田・大川・寒川線
天神団地前,大川自動車（株）,引田線（高松〜引田）
本村,綾川町,畑田・千疋線
旧大川町児童館前,さぬき市,津田・大川・寒川線
布勢,さぬき市,津田・大川・寒川線
畑田団地,綾川町,畑田・千疋線
讃留王西,綾川町,循環路線
郡家東,丸亀市,丸亀コミュニティバス「レオマ宇多津線」
山の原,綾川町,畑田・千疋線
みろく公園前,大川自動車（株）,引田線（高松〜引田）
真時,丸亀市,丸亀コミュニティバス「丸亀東線」
丸亀スタジアム,丸亀市,丸亀コミュニティバス「丸亀西線」
川北,綾川町,陶・西分線
南かざし団地,綾川町,畑田・千疋線
山田建設,山田地区乗合タクシー等実行委員会,山田地区乗合タクシー：赤ルート
郡家原,丸亀市,"丸亀コミュニティバス「丸亀垂水線」, 丸亀コミュニティバス「綾歌宇多津線」"
飯山総合保健福祉センター,丸亀市,丸亀コミュニティバス「レオマ宇多津線」
糸の越,三豊市,荘内線
上浅野,マルイ観光バス（株）,香川町シャトルバス
陵,さぬき市,志度・造田・多和線
浅野,ことでんバス（株）,塩江線
市宮池,マルイ観光バス（株）,香川町シャトルバス
道の駅みろく,さぬき市,津田・大川・寒川線
松崎公民館,綾川町,滝宮・羽床線
原田,琴参バス（株）,琴平線
黒嶋,丸亀市,丸亀コミュニティバス「丸亀西線」
宮の前,マルイ観光バス（株）,香川町シャトルバス
箱浦ビジターハウス,三豊市,荘内線
池田,ことでんバス（株）,西植田線
陶病院,綾川町,"畑田・千疋線, 陶・西分線, 循環路線, 枌所線"
田面,さぬき市,津田・大川・寒川線
田面,大川自動車（株）,引田線（高松〜引田）
道南,綾川町,畑田・千疋線
城辰小学校,丸亀市,丸亀コミュニティバス「丸亀垂水線」
下坂下,マルイ観光バス（株）,香川町シャトルバス
吉光下,ことでんバス（株）,由佐線
善通寺原田西三分一,丸亀市,丸亀コミュニティバス「丸亀西線」
富士見坂集会所,丸亀市,丸亀コミュニティバス「レオマ宇多津線」
善通寺原田東,丸亀市,丸亀コミュニティバス「丸亀西線」
香川第一中学校前,ことでんバス（株）,塩江線
島田,琴参バス（株）,"島田線, 岡田線, 坂出綾川線"
島田,丸亀市,"丸亀コミュニティバス「丸亀東線」, 丸亀コミュニティバス「レオマ宇多津線」"
箱,三豊市,荘内線
一里屋,丸亀市,"丸亀コミュニティバス「丸亀垂水線」, 丸亀コミュニティバス「綾歌宇多津線」"
まつねクリニック前,丸亀市,丸亀コミュニティバス「丸亀西線」
マルナカ綾南,綾川町,"畑田・千疋線, 陶・西分線"
原田南口,琴参バス（株）,琴平線
向山,綾川町,畑田・千疋線
下北,綾川町,循環路線
中植,綾川町,畑田・千疋線
総合体育館前,マルイ観光バス（株）,香川町コミュニティバス
仁老浜,三豊市,荘内線
香地池,山田地区乗合タクシー等実行委員会,山田地区乗合タクシー：赤ルート
樋の口,丸亀市,丸亀コミュニティバス「丸亀東線」
きむら,丸亀市,丸亀コミュニティバス「丸亀西線」
岡下所,琴参バス（株）,"島田線, 坂出綾川線"
岡下所,丸亀市,丸亀コミュニティバス「レオマ宇多津線」
プラント前,善通寺市,市民バス（空海号）竜川コース
中谷,三豊市,荘内線
坂下,マルイ観光バス（株）,香川町シャトルバス
取染,綾川町,"畑田・千疋線, 陶・西分線, 循環路線, 枌所線"
千手苑前,善通寺市,市民バス（空海号）竜川コース
権現,綾川町,滝宮・羽床線
共進,丸亀市,丸亀コミュニティバス「丸亀東線」
堂の元,琴参バス（株）,"島田線, 坂出綾川線"
堂の元,丸亀市,丸亀コミュニティバス「レオマ宇多津線」
道端,マルイ観光バス（株）,香川町シャトルバス
亀鶴,さぬき市,志度・造田・多和線
箱新田,三豊市,荘内線
さざんか荘,さぬき市,津田・大川・寒川線
さざんか荘,大川自動車（株）,引田線（高松〜引田）
北小路,綾川町,循環路線
両宮,丸亀市,"丸亀コミュニティバス「丸亀垂水線」, 丸亀コミュニティバス「綾歌宇多津線」"
川西ふれあい会館,丸亀市,丸亀コミュニティバス「丸亀垂水線」
吉馴病院前,琴参バス（株）,岡田線
丹生,大川自動車（株）,引田線（高松〜引田）
大道橋,大川自動車（株）,引田線（高松〜引田）
陶公民館,綾川町,陶・西分線
万屋,綾川町,畑田・千疋線
三好医院口,大川自動車（株）,引田線（高松〜引田）
三殿口,大川自動車（株）,引田線（高松〜引田）
吉光,ことでんバス（株）,由佐線
国木,大川自動車（株）,引田線（高松〜引田）
積新田,三豊市,荘内線
川西コミュセン南口,丸亀市,丸亀コミュニティバス「綾歌宇多津線」
馬酔木,綾川町,畑田・千疋線
JA植田支店,山田地区乗合タクシー等実行委員会,山田地区乗合タクシー：赤ルート
南台口,大川自動車（株）,引田線（高松〜引田）
久保田,大川自動車（株）,引田線（高松〜引田）
宝地,山田地区乗合タクシー等実行委員会,山田地区乗合タクシー：赤ルート
三本松商店街,大川自動車（株）,引田線（三本松〜引田）
内間,綾川町,滝宮・羽床線
道の駅滝宮,綾川町,"滝宮・羽床線, 循環路線, 枌所線"
生里,三豊市,荘内線
一本松,大川自動車（株）,引田線（高松〜引田）
三本松,大川自動車（株）,"引田線（高松〜引田）, 引田線（三本松〜引田）, 五名・福栄線"
道端上,マルイ観光バス（株）,香川町シャトルバス
塚原橋,さぬき市,志度・造田・多和線
小久保,三豊市,荘内線
町役場,綾川町,"滝宮・羽床線, 循環路線, 枌所線"
金蔵寺西口,琴参バス（株）,琴平線
西村,大川自動車（株）,引田線（高松〜引田）
上村橋,さぬき市,津田・大川・寒川線
田面・上村橋,大川自動車（株）,引田線（高松〜引田）
イオンモール綾川,綾川町,"滝宮・羽床線, 循環路線, 枌所線"
稗田,ことでんバス（株）,西植田線
大川中学校前,大川自動車（株）,引田線（高松〜引田）
後久,綾川町,畑田・千疋線
からと,ことでんバス（株）,塩江線
からと,マルイ観光バス（株）,香川町コミュニティバス
亀鶴公園,さぬき市,志度・造田・多和線
天然温泉あ・くあ前,丸亀市,丸亀コミュニティバス「綾歌宇多津線」
陶駅前,綾川町,"陶・西分線, 循環路線, 枌所線"
竜川公民館前,善通寺市,市民バス（空海号）竜川コース
当雀,大川自動車（株）,引田線（高松〜引田）
大内農協前,大川自動車（株）,引田線（高松〜引田）
福祉センター,綾川町,循環路線
旭東,丸亀市,丸亀コミュニティバス「レオマ宇多津線」
宝正寺前,善通寺市,市民バス（空海号）竜川コース
竜川,丸亀市,丸亀コミュニティバス「丸亀西線」
綾川駅,琴参バス（株）,"坂出綾川線, 丸亀・空港リムジンバス　丸亀坂手線"
綾川駅前,綾川町,"滝宮・羽床線, 循環路線"
富士見坂団地前,琴参バス（株）,"島田線, 坂出綾川線"
JA龍川支店前,善通寺市,市民バス（空海号）竜川コース
前山公園口,大川自動車（株）,"引田線（高松〜引田）, 引田線（三本松〜引田）, 五名・福栄線"
公会堂前,ことでんバス（株）,由佐線
金倉寺前,善通寺市,市民バス（空海号）竜川コース
富熊西沖,琴参バス（株）,"島田線, 坂出綾川線"
岸の上（城辰保育所通り）,丸亀市,"丸亀コミュニティバス「丸亀垂水線」, 丸亀コミュニティバス「綾歌宇多津線」"
黒崎,三豊市,荘内線
端（綾川町役場前）,琴参バス（株）,坂出綾川線
出晴,大川自動車（株）,"引田線（高松〜引田）, 引田線（三本松〜引田）, 五名・福栄線"
籠池,丸亀市,"丸亀コミュニティバス「丸亀垂水線」, 丸亀コミュニティバス「綾歌宇多津線」"
郡家郵便局,丸亀市,"丸亀コミュニティバス「丸亀垂水線」, 丸亀コミュニティバス「綾歌宇多津線」"
四反地,琴参バス（株）,岡田線
四反地,丸亀市,丸亀コミュニティバス「綾歌宇多津線」
積,三豊市,荘内線
屯所前,さぬき市,志度・造田・多和線
大東,大川自動車（株）,引田線（高松〜引田）
南コミュニティセンター,丸亀市,丸亀コミュニティバス「綾歌宇多津線」
生里南,三豊市,荘内線
下井,綾川町,畑田・千疋線
横町,綾川町,滝宮・羽床線
金蔵寺立場,琴参バス（株）,琴平線
行基苑,さぬき市,志度・造田・多和線
赤坂下,マルイ観光バス（株）,香川町シャトルバス
端,綾川町,"滝宮・羽床線, 循環路線"
JR金蔵寺駅前,善通寺市,市民バス（空海号）筆岡コース
福向,綾川町,滝宮・羽床線
高速バスターミナル前,善通寺市,市民バス（空海号）竜川コース
上西,琴参バス（株）,坂出綾川線
上西,綾川町,"滝宮・羽床線, 循環路線"
新町,琴参バス（株）,坂出綾川線
新町,綾川町,"滝宮・羽床線, 循環路線"
宝幢寺池,丸亀市,"丸亀コミュニティバス「丸亀垂水線」, 丸亀コミュニティバス「綾歌宇多津線」"
昭和公民館,綾川町,畑田・千疋線
マルナカ滝宮,綾川町,循環路線
東小川児童センター,丸亀市,丸亀コミュニティバス「綾歌宇多津線」
大亀,ことでんバス（株）,西植田線
日吉,丸亀市,丸亀コミュニティバス「綾歌宇多津線」
五反地,丸亀市,丸亀コミュニティバス「綾歌宇多津線」
新池,大川自動車（株）,引田線（高松〜引田）
アイファミリークリニック前,丸亀市,"丸亀コミュニティバス「丸亀垂水線」, 丸亀コミュニティバス「綾歌宇多津線」"
飛谷,三豊市,荘内線
湊,大川自動車（株）,"引田線（高松〜引田）, 引田線（三本松〜引田）, 五名・福栄線"
公渕公園口,山田地区乗合タクシー等実行委員会,山田地区乗合タクシー：赤ルート
本町,綾川町,滝宮・羽床線
沖,琴参バス（株）,坂出綾川線
沖,丸亀市,丸亀コミュニティバス「レオマ宇多津線」
南郷［三豊市詫間町］,三豊市,荘内線
善通寺ICバスターミナル,丸亀市,丸亀コミュニティバス「丸亀西線」
善通寺インターBT,琴参バス（株）,丸亀・空港リムジンバス　丸亀善通寺線
下所,丸亀市,"丸亀コミュニティバス「丸亀垂水線」, 丸亀コミュニティバス「綾歌宇多津線」"
向原,綾川町,"陶・西分線, 循環路線, 枌所線"
永井集会場前,善通寺市,市民バス（空海号）筆岡コース
切池,琴参バス（株）,岡田線
切池,丸亀市,丸亀コミュニティバス「綾歌宇多津線」
木徳北部会場前,善通寺市,市民バス（空海号）竜川コース
大原,綾川町,陶・西分線
積稲荷,三豊市,荘内線
中北自治会館前,丸亀市,丸亀コミュニティバス「綾歌宇多津線」
ハートフルねんりん荘前,善通寺市,市民バス（空海号）筆岡コース
立の外,丸亀市,丸亀コミュニティバス「丸亀垂水線」
木徳,丸亀市,丸亀コミュニティバス「丸亀西線」
金蔵寺町中央前,善通寺市,市民バス（空海号）竜川コース
田所,綾川町,陶・西分線
竜満池,ことでんバス（株）,塩江線
竜満池,マルイ観光バス（株）,香川町コミュニティバス
金蔵寺町樫藪前,善通寺市,市民バス（空海号）筆岡コース
丸山,マルイ観光バス（株）,香川町シャトルバス
池西支所,マルイ観光バス（株）,香川町シャトルバス
樫藪,琴参バス（株）,琴平線
西光寺前,ことでんバス（株）,由佐線
湊橋,大川自動車（株）,"引田線（高松〜引田）, 引田線（三本松〜引田）, 五名・福栄線"
肥地木,三豊市,荘内線
西小川,丸亀市,丸亀コミュニティバス「丸亀垂水線」
一心庵,さぬき市,志度・造田・多和線
一里山,綾川町,滝宮・羽床線
穴吹商店,山田地区乗合タクシー等実行委員会,山田地区乗合タクシー：赤ルート
白鳥百十四銀行前,大川自動車（株）,"引田線（高松〜引田）, 引田線（三本松〜引田）, 五名・福栄線"
白鳥神社,大川自動車（株）,"引田線（高松〜引田）, 引田線（三本松〜引田）, 五名・福栄線"
弘田町下所会館前,善通寺市,市民バス（空海号）筆岡コース
みどりの一里塚,大川自動車（株）,五名・福栄線
台目,マルイ観光バス（株）,香川町シャトルバス
森末,綾川町,陶・西分線
未来クルパーク21前,善通寺市,市民バス（空海号）竜川コース
コーナン白鳥店,大川自動車（株）,引田線（三本松〜引田）
由佐天神,ことでんバス（株）,由佐線
上西南,綾川町,循環路線
グリーンハイツ,綾川町,循環路線
田高田,大川自動車（株）,"引田線（三本松〜引田）, 五名・福栄線"
有岡,綾川町,滝宮・羽床線
油山,マルイ観光バス（株）,香川町シャトルバス
北原,綾川町,陶・西分線
白鳥病院前,大川自動車（株）,"引田線（高松〜引田）, 引田線（三本松〜引田）"
白鳥病院,大川自動車（株）,五名・福栄線
本村下,ことでんバス（株）,西植田線
池西,マルイ観光バス（株）,香川町シャトルバス
フジグラン,丸亀市,丸亀コミュニティバス「丸亀垂水線」
竹元橋,山田地区乗合タクシー等実行委員会,山田地区乗合タクシー：赤ルート
矢坪,綾川町,畑田・千疋線
東碑殿前,善通寺市,市民バス（空海号）吉原コース
羽床駅前,綾川町,滝宮・羽床線
笹谷,三豊市,荘内線
南原,マルイ観光バス（株）,香川町シャトルバス
白鳥マルナカ前,大川自動車（株）,"引田線（三本松〜引田）, 五名・福栄線"
遠田,琴参バス（株）,岡田線
遠田,丸亀市,丸亀コミュニティバス「綾歌宇多津線」
中村墓地前,善通寺市,市民バス（空海号）筆岡コース
香川総合センター,マルイ観光バス（株）,"香川町コミュニティバス, 香川町シャトルバス"
行末,琴参バス（株）,坂出綾川線
行末,丸亀市,丸亀コミュニティバス「レオマ宇多津線」
富川,綾川町,陶・西分線
西植田コミュニティセンター,山田地区乗合タクシー等実行委員会,山田地区乗合タクシー：赤ルート
稲木,琴参バス（株）,琴平線
香南小学校前,ことでんバス（株）,由佐線
香南小学校前,マルイ観光バス（株）,香川町シャトルバス
本町,マルイ観光バス（株）,香川町シャトルバス
木徳町西上代前,善通寺市,市民バス（空海号）竜川コース
長神キョーエイ空港店,マルイ観光バス（株）,香川町シャトルバス
西植田,ことでんバス（株）,西植田線
白石,綾川町,滝宮・羽床線
木徳町東上代前,善通寺市,市民バス（空海号）竜川コース
伊砂子,三豊市,荘内線
由佐,ことでんバス（株）,由佐線
川東,ことでんバス（株）,塩江線
川東,マルイ観光バス（株）,香川町コミュニティバス
香南楽湯,ことでんバス（株）,由佐線
香南楽湯,マルイ観光バス（株）,香川町シャトルバス
香南支所,ことでんバス（株）,由佐線
香南支所,マルイ観光バス（株）,香川町シャトルバス
香南歴史民俗郷土館,マルイ観光バス（株）,香川町シャトルバス
高谷,三豊市,詫間三野線
剱来松木自治会館前,丸亀市,丸亀コミュニティバス「丸亀垂水線」
大溝,ことでんバス（株）,由佐線
大溝,マルイ観光バス（株）,香川町シャトルバス
堤下,琴参バス（株）,坂出綾川線
稲木集会場前,善通寺市,市民バス（空海号）筆岡コース
田井,丸亀市,丸亀コミュニティバス「丸亀垂水線」
冨頭自治会場前,善通寺市,市民バス（空海号）筆岡コース
東久保谷,三豊市,詫間三野線
市乃江,さぬき市,志度・造田・多和線
東植田コミュニティセンター,山田地区乗合タクシー等実行委員会,山田地区乗合タクシー：赤ルート
旧JA西植田,山田地区乗合タクシー等実行委員会,山田地区乗合タクシー：赤ルート
住吉神社前,琴参バス（株）,坂出綾川線
農業経営高校前,琴参バス（株）,坂出綾川線
農業経営高校前,綾川町,循環路線
堤,綾川町,滝宮・羽床線
JA筆岡支店前,善通寺市,"市民バス（空海号）吉原コース, 市民バス（空海号）筆岡コース"
中学校前,大川自動車（株）,五名・福栄線
土橋,綾川町,"畑田・千疋線, 陶・西分線"
伊座,大川自動車（株）,"引田線（高松〜引田）, 引田線（三本松〜引田）"
紫雲出山登山口,三豊市,荘内線
楠浜,三豊市,"詫間線, 詫間三野線"
高谷団地,三豊市,詫間三野線
角中会場前,善通寺市,市民バス（空海号）与北コース
音谷東,ことでんバス（株）,由佐線
羽床小学校前,琴参バス（株）,坂出綾川線
吉田八幡神社前,善通寺市,市民バス（空海号）竜川コース
市民体育館前,善通寺市,"市民バス（空海号）竜川コース, 市民バス（空海号）南部コース, 市民バス（空海号）与北コース"
綾歌中学校前,琴参バス（株）,坂出綾川線
上川東,ことでんバス（株）,塩江線
上川東,マルイ観光バス（株）,香川町コミュニティバス
大浜小学校前,三豊市,"詫間線, 荘内線, 詫間三野線"
寺元,大川自動車（株）,五名・福栄線
大坪,綾川町,滝宮・羽床線
恵美,三豊市,"詫間線, 詫間三野線"
船越,三豊市,"詫間線, 詫間三野線"
東部公民館前,善通寺市,市民バス（空海号）筆岡コース
宮東上公民館前,善通寺市,市民バス（空海号）吉原コース
上吉田,琴参バス（株）,琴平線
西久保谷,三豊市,詫間三野線
土器川生物公園,丸亀市,丸亀コミュニティバス「丸亀垂水線」
新浜東,三豊市,詫間三野線
新浜西,三豊市,詫間三野線
権平前,大川自動車（株）,"引田線（高松〜引田）, 引田線（三本松〜引田）"
原口,ことでんバス（株）,由佐線
八尺,丸亀市,丸亀コミュニティバス「丸亀垂水線」
羽床公民館,綾川町,滝宮・羽床線
新土仏,綾川町,陶・西分線
波止,三豊市,荘内線
善通寺隣保館前,善通寺市,市民バス（空海号）与北コース
小浜,三豊市,荘内線
大石,さぬき市,志度・造田・多和線
吉原町本村北前,善通寺市,市民バス（空海号）吉原コース
久保土建,山田地区乗合タクシー等実行委員会,山田地区乗合タクシー：赤ルート
鋳物師池,ことでんバス（株）,由佐線
北山,綾川町,"循環路線, 枌所線"
中戸,大川自動車（株）,五名・福栄線
西原会館前,善通寺市,市民バス（空海号）与北コース
与北小学校前,善通寺市,市民バス（空海号）与北コース
大浜,三豊市,"高瀬仁尾線, 詫間線, 荘内線, 詫間三野線"
琴電栗熊駅,丸亀市,丸亀コミュニティバス「レオマ宇多津線」
阿瀬集会場前,善通寺市,市民バス（空海号）筆岡コース
香川高専前,三豊市,"詫間線, 詫間三野線"
垂水ふれあいセンター,丸亀市,丸亀コミュニティバス「丸亀垂水線」
西香田,三豊市,"詫間線, 詫間三野線"
須田保育所前,三豊市,詫間三野線
農業試験場前,琴参バス（株）,坂出綾川線
農業試験場前,綾川町,循環路線
羽床下,琴参バス（株）,坂出綾川線
ピカソこんぴら街道店,丸亀市,丸亀コミュニティバス「綾歌宇多津線」
須田,三豊市,"詫間線, 詫間三野線"
十五丁自治会場前,善通寺市,市民バス（空海号）吉原コース
須田西口,三豊市,"詫間線, 詫間三野線"
荘内大浜,三豊市,荘内線
東香田,三豊市,"詫間線, 詫間三野線"
金竹,丸亀市,丸亀コミュニティバス「丸亀垂水線」
綾歌市民総合センター,丸亀市,"丸亀コミュニティバス「レオマ宇多津線」, 丸亀コミュニティバス「綾歌宇多津線」"
下土居,琴参バス（株）,岡田線
下土居,丸亀市,丸亀コミュニティバス「綾歌宇多津線」
JA前,マルイ観光バス（株）,香川町コミュニティバス
善通寺東口,琴参バス（株）,琴平線
塩生,三豊市,詫間三野線
香川農協前,ことでんバス（株）,塩江線
鴨居神社前,善通寺市,市民バス（空海号）与北コース
場所,綾川町,滝宮・羽床線
岡田東団地,丸亀市,丸亀コミュニティバス「綾歌宇多津線」
岡田西,丸亀市,丸亀コミュニティバス「綾歌宇多津線」
東仙遊町駐車場前,善通寺市,"市民バス（空海号）吉原コース, 市民バス（空海号）筆岡コース"
長利,綾川町,滝宮・羽床線
水出,三豊市,詫間三野線
岡,ことでんバス（株）,由佐線
吉原町本村前,善通寺市,市民バス（空海号）吉原コース
上川原,綾川町,循環路線
願誓寺,丸亀市,丸亀コミュニティバス「丸亀垂水線」
詫間中学校前,三豊市,"詫間線, 詫間三野線"
善通寺市浄水場前,善通寺市,市民バス（空海号）与北コース
宮谷,三豊市,詫間三野線
成重,大川自動車（株）,五名・福栄線
東神内,山田地区乗合タクシー等実行委員会,山田地区乗合タクシー：赤ルート
善通寺駅前通,琴参バス（株）,琴平線
アイレックス,丸亀市,丸亀コミュニティバス「レオマ宇多津線」
皇子の森会館前,善通寺市,市民バス（空海号）西部コース
梅ケ畑,さぬき市,志度・造田・多和線
大浜南,三豊市,"高瀬仁尾線, 詫間線"
東谷口,ことでんバス（株）,塩江線
大林,綾川町,滝宮・羽床線
鎌手,綾川町,陶・西分線
井手下,琴参バス（株）,坂出綾川線
井手下,綾川町,滝宮・羽床線
城下,三豊市,詫間線
高様集会所,山田地区乗合タクシー等実行委員会,山田地区乗合タクシー：赤ルート
市営野球場前,三豊市,三野線
市営野球場前,善通寺市,"市民バス（空海号）吉原コース, 市民バス（空海号）筆岡コース"
JR善通寺駅前,三豊市,三野線
JR善通寺駅前,善通寺市,"市民バス（空海号）竜川コース, 市民バス（空海号）筆岡コース, 市民バス（空海号）南部コース, 市民バス（空海号）西部コース, 市民バス（空海号）与北コース"
綾田前,ことでんバス（株）,由佐線
成重上,大川自動車（株）,五名・福栄線
垂水団地,丸亀市,丸亀コミュニティバス「丸亀垂水線」
中央公民館前,三豊市,三野線
中央公民館前,善通寺市,"市民バス（空海号）吉原コース, 市民バス（空海号）竜川コース, 市民バス（空海号）筆岡コース, 市民バス（空海号）南部コース, 市民バス（空海号）西部コース, 市民バス（空海号）与北コース"
善通寺市役所前,三豊市,三野線
善通寺市役所前,善通寺市,"市民バス（空海号）吉原コース, 市民バス（空海号）竜川コース, 市民バス（空海号）筆岡コース, 市民バス（空海号）南部コース, 市民バス（空海号）西部コース, 市民バス（空海号）与北コース"
鉢伏ふれあい公園前,善通寺市,市民バス（空海号）与北コース
バス駐車場,善通寺市,"市民バス（空海号）吉原コース, 市民バス（空海号）竜川コース, 市民バス（空海号）筆岡コース, 市民バス（空海号）南部コース, 市民バス（空海号）西部コース, 市民バス（空海号）与北コース"
与北町岸下会場前,善通寺市,市民バス（空海号）南部コース
日生ニュータウン北,マルイ観光バス（株）,香川町コミュニティバス
中谷,山田地区乗合タクシー等実行委員会,山田地区乗合タクシー：赤ルート
広間,山田地区乗合タクシー等実行委員会,山田地区乗合タクシー：赤ルート
仲多度農業共済前,善通寺市,市民バス（空海号）与北コース
川田,綾川町,滝宮・羽床線
旧消防本部西前,善通寺市,"市民バス（空海号）吉原コース, 市民バス（空海号）竜川コース, 市民バス（空海号）筆岡コース, 市民バス（空海号）南部コース, 市民バス（空海号）西部コース, 市民バス（空海号）与北コース"
森俊,丸亀市,丸亀コミュニティバス「綾歌宇多津線」
吉原公民館前,三豊市,三野線
吉原公民館前,善通寺市,市民バス（空海号）吉原コース
ピカソ浜田店,三豊市,"高瀬仁尾線, 詫間三野線"
市民会館前,善通寺市,"市民バス（空海号）吉原コース, 市民バス（空海号）竜川コース, 市民バス（空海号）筆岡コース, 市民バス（空海号）南部コース, 市民バス（空海号）西部コース, 市民バス（空海号）与北コース"
市民会館前［善通寺市］,三豊市,三野線
四国こどもとおとなの医療センター前,善通寺市,"市民バス（空海号）吉原コース, 市民バス（空海号）竜川コース, 市民バス（空海号）筆岡コース, 市民バス（空海号）南部コース, 市民バス（空海号）西部コース, 市民バス（空海号）与北コース"
羽床上,琴参バス（株）,坂出綾川線
総合会館前,善通寺市,"市民バス（空海号）吉原コース, 市民バス（空海号）竜川コース, 市民バス（空海号）筆岡コース, 市民バス（空海号）南部コース, 市民バス（空海号）西部コース, 市民バス（空海号）与北コース"
新葛谷橋,山田地区乗合タクシー等実行委員会,山田地区乗合タクシー：赤ルート
日生ニュータウン,ことでんバス（株）,塩江線
日生ニュータウン,マルイ観光バス（株）,香川町コミュニティバス
法導寺,綾川町,"循環路線, 枌所線"
善通寺赤門前,琴参バス（株）,琴平線
四国こどもとおとなの医療C前,三豊市,三野線
アパホテル高松空港前,ことでんバス（株）,由佐線
浜田,三豊市,詫間線
郷土館前,善通寺市,"市民バス（空海号）吉原コース, 市民バス（空海号）竜川コース, 市民バス（空海号）筆岡コース, 市民バス（空海号）南部コース, 市民バス（空海号）西部コース, 市民バス（空海号）与北コース"
みの荘長寿の湯,三豊市,"三野線, 詫間三野線"
綾歌保健福祉センター,丸亀市,丸亀コミュニティバス「綾歌宇多津線」
本村中,三豊市,高瀬仁尾線
ふれあいパークみの,三豊市,"三野線, 詫間三野線"
鴨之越,三豊市,"高瀬仁尾線, 詫間線"
岡田小学校前,琴参バス（株）,岡田線
尽誠学園前,琴参バス（株）,琴平線
尽誠学園前,善通寺市,"市民バス（空海号）西部コース, 市民バス（空海号）与北コース"
柳屋,綾川町,"滝宮・羽床線, 循環路線"
三井之江前,三豊市,三野線
三井之江前,善通寺市,市民バス（空海号）吉原コース
支え合いセンターここ家前,善通寺市,"市民バス（空海号）吉原コース, 市民バス（空海号）竜川コース, 市民バス（空海号）筆岡コース, 市民バス（空海号）南部コース, 市民バス（空海号）西部コース, 市民バス（空海号）与北コース"
東中村,大川自動車（株）,五名・福栄線
総本山善通寺駐車場前,善通寺市,市民バス（空海号）西部コース
綾上支所前,綾川町,"陶・西分線, 循環路線, 枌所線"
天道,三豊市,詫間三野線
詫間幼稚園前,三豊市,詫間線
松崎北浦,三豊市,詫間三野線
井岡,丸亀市,丸亀コミュニティバス「綾歌宇多津線」
引田,大川自動車（株）,"引田線（高松〜引田）, 引田線（三本松〜引田）"
日生ニュータウン南,マルイ観光バス（株）,香川町コミュニティバス
引田駅前,徳島バス（株）,"121　引田線, 122　引田線"
讃岐の宮,琴参バス（株）,琴平線
護国神社前,善通寺市,"市民バス（空海号）南部コース, 市民バス（空海号）西部コース, 市民バス（空海号）与北コース"
丸亀浄水場,丸亀市,丸亀コミュニティバス「丸亀垂水線」
休場,綾川町,陶・西分線
垂水橋,丸亀市,丸亀コミュニティバス「丸亀垂水線」
岡田コミュニティセンター,丸亀市,丸亀コミュニティバス「綾歌宇多津線」
宗戸,綾川町,循環路線
本村,琴参バス（株）,琴平線
岩崎,ことでんバス（株）,"由佐線, 塩江線"
はなこ,綾川町,"陶・西分線, 枌所線"
引田庁舎前,徳島バス（株）,"121　引田線, 122　引田線"
旧西碑殿公民館前,善通寺市,市民バス（空海号）吉原コース
本村［三豊市詫間町］,三豊市,高瀬仁尾線
塩屋橋,大川自動車（株）,"引田線（高松〜引田）, 引田線（三本松〜引田）"
牛川,綾川町,循環路線
下中津,さぬき市,志度・造田・多和線
行天クリニック前,善通寺市,市民バス（空海号）与北コース
曼荼羅寺前,善通寺市,市民バス（空海号）吉原コース
岡田中央,琴参バス（株）,岡田線
長田,綾川町,"陶・西分線, 循環路線"
南生野,琴参バス（株）,琴平線
神田,三豊市,詫間線
市民集いの丘公園前,善通寺市,市民バス（空海号）吉原コース
善通寺南口,琴参バス（株）,琴平線
生野プラザ前,善通寺市,市民バス（空海号）西部コース
引田東,徳島バス（株）,"121　引田線, 122　引田線"
来栖,さぬき市,志度・造田・多和線
上代,丸亀市,丸亀コミュニティバス「丸亀垂水線」
天神,綾川町,"陶・西分線, 枌所線"
丸亀南,丸亀市,丸亀コミュニティバス「丸亀垂水線」
石原・三宅クリニック前,善通寺市,市民バス（空海号）南部コース
小津森,丸亀市,丸亀コミュニティバス「綾歌宇多津線」
長者原,丸亀市,丸亀コミュニティバス「綾歌宇多津線」
砂子,丸亀市,丸亀コミュニティバス「綾歌宇多津線」
詫間大橋東,三豊市,"三野線, 詫間三野線"
道の駅ながお,さぬき市,志度・造田・多和線
本村上,三豊市,高瀬仁尾線
下川原自治会館前,善通寺市,"市民バス（空海号）南部コース, 市民バス（空海号）与北コース"
寺地,三豊市,三野線
名部戸,三豊市,"高瀬仁尾線, 詫間線"
山田公民館前,綾川町,"陶・西分線, 枌所線"
自衛隊正門前,善通寺市,市民バス（空海号）西部コース
詫間庁舎,三豊市,"高瀬仁尾線, 詫間線, 詫間三野線"
JA麻野支店前,善通寺市,市民バス（空海号）西部コース
詫間駅,三豊市,"高瀬仁尾線, 三野線, 詫間線, 詫間三野線, 仁尾線"
大門,三豊市,三野線
西部小学校前,善通寺市,市民バス（空海号）西部コース
山王,さぬき市,志度・造田・多和線
琴電岡田駅前,琴参バス（株）,岡田線
琴電岡田駅,丸亀市,丸亀コミュニティバス「綾歌宇多津線」
JA詫間支店,三豊市,詫間三野線
川北,綾川町,枌所線
定連,丸亀市,丸亀コミュニティバス「レオマ宇多津線」
岩崎病院,三豊市,"高瀬仁尾線, 三野線, 詫間線, 詫間三野線, 仁尾線"
山田上,綾川町,枌所線
大川橋,徳島バス（株）,"121　引田線, 122　引田線"
堀切,大川自動車（株）,五名・福栄線
東高篠,丸亀市,丸亀コミュニティバス「丸亀垂水線」
生野町上原前,善通寺市,市民バス（空海号）与北コース
大見,三豊市,三野線
的場,三豊市,"高瀬仁尾線, 詫間線"
高松空港,ことでんバス（株）,"由佐線, 高松空港リムジンバス"
高松空港,（有）琴空バス,高松空港線（高松空港〜琴平）
高松空港,琴参バス（株）,"丸亀・空港リムジンバス　丸亀坂手線, 丸亀・空港リムジンバス　丸亀善通寺線"
松崎西,三豊市,詫間三野線
ピカソ詫間店,三豊市,"高瀬仁尾線, 三野線, 詫間線, 仁尾線"
蟻の首,三豊市,"高瀬仁尾線, 詫間線"
川添温泉口,マルイ観光バス（株）,香川町コミュニティバス
JA上郷支店前,善通寺市,市民バス（空海号）西部コース
みずた内科,三豊市,"高瀬仁尾線, 三野線"
新的場,三豊市,三野線
宮脇,三豊市,三野線
馬宿,徳島バス（株）,"121　引田線, 122　引田線"
平林医院,三豊市,仁尾線
岡田上,琴参バス（株）,岡田線
郵便局前,綾川町,枌所線
松崎団地,三豊市,三野線
南部小学校前,善通寺市,市民バス（空海号）南部コース
翼山温泉,徳島バス（株）,"121　引田線, 122　引田線"
松崎東,三豊市,三野線
大見幼稚園前,三豊市,三野線
旧香川小児病院前,善通寺市,市民バス（空海号）西部コース
岡崎,三豊市,三野線
大杉脳外科医院前,善通寺市,市民バス（空海号）南部コース
家の浦,三豊市,高瀬仁尾線
讃岐池尻,三豊市,仁尾線
大杉脳外科前,琴参バス（株）,琴平線
神ノ木,綾川町,陶・西分線
向坂,マルイ観光バス（株）,香川町コミュニティバス
新的場南,三豊市,三野線
馬宿東,徳島バス（株）,"121　引田線, 122　引田線"
湯舟道,丸亀市,丸亀コミュニティバス「綾歌宇多津線」
風折,琴参バス（株）,琴平線
川上,マルイ観光バス（株）,香川町コミュニティバス
中郷,三豊市,仁尾線
王墓山古墳前,善通寺市,市民バス（空海号）西部コース
西山橋,大川自動車（株）,五名・福栄線
有岡加圧ポンプ場前,善通寺市,市民バス（空海号）西部コース
相生,徳島バス（株）,"121　引田線, 122　引田線"
鮎滝,ことでんバス（株）,塩江線
鮎滝,マルイ観光バス（株）,香川町コミュニティバス
みとよ市民病院,三豊市,"高瀬仁尾線, 三野線, 詫間線, 詫間三野線, 仁尾線"
市地,琴参バス（株）,岡田線
南山,綾川町,枌所線
詫間越,三豊市,高瀬仁尾線
田渡池,マルイ観光バス（株）,香川町コミュニティバス
朝日,三豊市,高瀬仁尾線
西分橋,綾川町,陶・西分線
大多和,さぬき市,志度・造田・多和線
下倉峠,マルイ観光バス（株）,香川町コミュニティバス
下谷,マルイ観光バス（株）,香川町コミュニティバス
坂元西,徳島バス（株）,"121　引田線, 122　引田線"
三野保育所前,三豊市,三野線
NEWレオマワールド,琴参バス（株）,岡田線
NEWレオマワールド,丸亀市,丸亀コミュニティバス「レオマ宇多津線」
NEWレオマワールド,（有）琴空バス,高松空港線（高松空港〜琴平）
西山,大川自動車（株）,五名・福栄線
古江,三豊市,高瀬仁尾線
大麻,琴参バス（株）,琴平線
南部公民館前,善通寺市,市民バス（空海号）南部コース
天神,マルイ観光バス（株）,香川町コミュニティバス
四歩市,綾川町,枌所線
坂元東,徳島バス（株）,"121　引田線, 122　引田線"
東山,大川自動車（株）,五名・福栄線
分校前,大川自動車（株）,五名・福栄線
打越,琴参バス（株）,岡田線
鮎滝上,ことでんバス（株）,塩江線
東分地域交流会館,綾川町,枌所線
栗原,綾川町,枌所線
下倉,マルイ観光バス（株）,香川町コミュニティバス
梶羽,綾川町,陶・西分線
仁尾マリーナ口,三豊市,高瀬仁尾線
堂谷,綾川町,陶・西分線
大原,三豊市,三野線
東浜,三豊市,"高瀬仁尾線, 三野線"
市民センター三野,三豊市,三野線
大北,三豊市,高瀬仁尾線
鈴竹,大川自動車（株）,五名・福栄線
田万,綾川町,枌所線
大新田,三豊市,三野線
近森,大川自動車（株）,五名・福栄線
在所自治会館前,善通寺市,市民バス（空海号）西部コース
カフェルポ,三豊市,三野線
住宅前,大川自動車（株）,五名・福栄線
マツダ善通寺営業所前,善通寺市,市民バス（空海号）南部コース
開世橋口,大川自動車（株）,五名・福栄線
学校前,大川自動車（株）,五名・福栄線
与田山,大川自動車（株）,五名・福栄線
局前,大川自動車（株）,五名・福栄線
上ミ自治会館前,善通寺市,市民バス（空海号）西部コース
賀茂神社,三豊市,高瀬仁尾線
東谷,マルイ観光バス（株）,香川町コミュニティバス
山地外科医院,三豊市,三野線
関,ことでんバス（株）,塩江線
仁尾こども園,三豊市,高瀬仁尾線
三野町生涯学習センター,三豊市,"高瀬仁尾線, 三野線"
大麻荒神,三豊市,仁尾線
下山,大川自動車（株）,五名・福栄線
あやめ橋,大川自動車（株）,五名・福栄線
三宝寺,大川自動車（株）,五名・福栄線
堀家口,大川自動車（株）,五名・福栄線
岩崎,琴参バス（株）,琴平線
仁尾小学校前,三豊市,"高瀬仁尾線, 仁尾線"
枌所診療所前,綾川町,枌所線
三野町保健センター,三豊市,"三野線, 豊中仁尾線"
ピカソ三野店,三豊市,豊中仁尾線
浦田,綾川町,陶・西分線
JA三野支店,三豊市,"高瀬仁尾線, 三野線"
仁尾郵便局,三豊市,高瀬仁尾線
西分,綾川町,陶・西分線
仁尾町文化会館,三豊市,"高瀬仁尾線, 仁尾線"
吉津小学校口,三豊市,三野線
馬越,大川自動車（株）,五名・福栄線
安原農協,ことでんバス（株）,塩江線
森光,大川自動車（株）,五名・福栄線
佐岡,琴参バス（株）,炭所線
石淵,三豊市,高瀬線
祓川,琴参バス（株）,炭所線
津ノ前自治会館,三豊市,"三野線, 豊中仁尾線"
仁尾南,三豊市,"高瀬仁尾線, 仁尾線"
上之荘,三豊市,高瀬線
大麻神社前,琴参バス（株）,琴平線
上山,大川自動車（株）,五名・福栄線
五名橋,大川自動車（株）,五名・福栄線
西浜,三豊市,"高瀬仁尾線, 三野線, 豊中仁尾線"
額峠,さぬき市,志度・造田・多和線
八幡神社,三豊市,豊中仁尾線
仁尾庁舎,三豊市,"高瀬仁尾線, 豊中仁尾線, 仁尾線"
小野,綾川町,枌所線
四条,琴参バス（株）,炭所線
仁尾庁舎駐車場,三豊市,仁尾線
農免交差点,三豊市,三野線
中徳,ことでんバス（株）,塩江線
岩薬師,琴参バス（株）,炭所線
黒川口,大川自動車（株）,五名・福栄線
千代,三豊市,豊中仁尾線
正本,三豊市,豊中仁尾線
高橋会館前,善通寺市,市民バス（空海号）南部コース
北原,三豊市,高瀬線
たかせ天然温泉,三豊市,"高瀬線, 財田高瀬線, 高瀬観音寺線"
琴平営業所,琴参バス（株）,"琴平線, 美合線, 炭所線"
長尾,琴参バス（株）,炭所線
宗吉,三豊市,"高瀬仁尾線, 三野線, 豊中仁尾線"
大麻町,（有）琴空バス,高松空港線（高松空港〜琴平）
谷［三豊市三野町］,三豊市,豊中仁尾線
四条小学校前,琴参バス（株）,"美合線, 炭所線"
西谷口,ことでんバス（株）,塩江線
池尻,大川自動車（株）,五名・福栄線
中浦,三豊市,高瀬線
牧場口,さぬき市,志度・造田・多和線
山角,綾川町,陶・西分線
峠,三豊市,豊中仁尾線
浦側,三豊市,高瀬線
新開橋,三豊市,仁尾線
菅沢,マルイ観光バス（株）,塩江町コミュニティバス
琴平観光センター前,琴参バス（株）,"琴平線, 美合線, 炭所線"
西村,三豊市,高瀬線
西ノ脇,三豊市,高瀬線
町代,琴参バス（株）,炭所線
五名コミュニティセンター,大川自動車（株）,五名・福栄線
まんのう町役場前,琴参バス（株）,美合線
まんのう町役場,（有）琴空バス,高松空港線（高松空港〜琴平）
西下,三豊市,"高瀬仁尾線, 三野線, 豊中仁尾線"
福祉センター前,大川自動車（株）,五名・福栄線
紅梅亭,（有）琴空バス,高松空港線（高松空港〜琴平）
琴平駅,三豊市,"山本線, 財田観音寺線"
高畑,ことでんバス（株）,塩江線
琴平駅前,琴参バス（株）,"琴平線, 美合線, 炭所線"
JR琴平駅,（有）琴空バス,高松空港線（高松空港〜琴平）
種子,琴参バス（株）,炭所線
榎井,琴参バス（株）,"美合線, 炭所線"
五名支所前,大川自動車（株）,五名・福栄線
井出,三豊市,"高瀬線, 財田高瀬線, 高瀬観音寺線"
父母ヶ浜,三豊市,仁尾線
助光,さぬき市,志度・造田・多和線
琴電前,琴参バス（株）,"琴平線, 美合線, 炭所線"
下種子,琴参バス（株）,炭所線
琴電琴平駅,三豊市,山本線
琴参閣,（有）琴空バス,高松空港線（高松空港〜琴平）
大宮橋,（有）琴空バス,高松空港線（高松空港〜琴平）
大窪寺,さぬき市,志度・造田・多和線
夫婦神,綾川町,枌所線
琴平中学校前,琴参バス（株）,"美合線, 炭所線"
琴中前,三豊市,財田観音寺線
琴中前,（有）琴空バス,高松空港線（高松空港〜琴平）
岩崎病院前,琴参バス（株）,"美合線, 炭所線"
高瀬第一医院,三豊市,"高瀬線, 財田高瀬線, 高瀬観音寺線"
前側,三豊市,高瀬線
琴平,琴参バス（株）,美合線
早北,三豊市,高瀬線
広袖,琴参バス（株）,炭所線
末,三豊市,高瀬線
新名,三豊市,"高瀬仁尾線, 三野線, 豊中仁尾線"
八千代前,（有）琴空バス,高松空港線（高松空港〜琴平）
琴平小学校前,琴参バス（株）,"美合線, 炭所線"
小田,マルイ観光バス（株）,塩江町コミュニティバス
福家東,琴参バス（株）,美合線
東平山,琴参バス（株）,炭所線
御殿場,ことでんバス（株）,塩江線
札の辻,琴参バス（株）,炭所線
満濃中学校前,琴参バス（株）,美合線
今橋,琴参バス（株）,"美合線, 炭所線"
大吉,三豊市,高瀬線
スポーツセンターまんのう前,琴参バス（株）,美合線
こんぴらさん入口,（有）琴空バス,高松空港線（高松空港〜琴平）
白井眼科,三豊市,"高瀬線, 財田高瀬線, 高瀬観音寺線"
西桶,ことでんバス（株）,塩江線
中村,ことでんバス（株）,塩江線
住宅前,大川自動車（株）,五名・福栄線
西田井,琴参バス（株）,美合線
金剛院口,琴参バス（株）,炭所線
多和駐在所前,さぬき市,志度・造田・多和線
末谷,琴参バス（株）,炭所線
五歩田,三豊市,高瀬線
大窪寺手前,さぬき市,志度・造田・多和線
天体望遠鏡博物館前,さぬき市,志度・造田・多和線
高橋ヒフ科医院,三豊市,"高瀬仁尾線, 三野線, 豊中仁尾線"
うどん街道,（有）琴空バス,高松空港線（高松空港〜琴平）
八幡,琴参バス（株）,美合線
田井,三豊市,高瀬線
天王,三豊市,仁尾線
平山,琴参バス（株）,炭所線
片岡東,琴参バス（株）,炭所線
吉野,琴参バス（株）,美合線
木の崎下,琴参バス（株）,美合線
河中,三豊市,高瀬線
林の下,琴参バス（株）,炭所線
西ノ側,三豊市,高瀬線
本谷,三豊市,高瀬線
新名峠,綾川町,枌所線
高瀬駅,三豊市,"高瀬線, 財田高瀬線, 高瀬観音寺線"
小野歯科医院,三豊市,"高瀬線, 財田高瀬線, 高瀬観音寺線"
五条眼科,三豊市,財田観音寺線
東谷,さぬき市,志度・造田・多和線
木の崎,琴参バス（株）,美合線
長炭小学校,琴参バス（株）,炭所線
大下,大川自動車（株）,五名・福栄線
開,綾川町,陶・西分線
三豊市役所,三豊市,"高瀬線, 高瀬仁尾線, 三野線, 財田高瀬線, 高瀬観音寺線, 豊中仁尾線"
長炭橋,琴参バス（株）,炭所線
中学校前,ことでんバス（株）,塩江線
塩江中,マルイ観光バス（株）,塩江町コミュニティバス
加茂下,三豊市,"高瀬線, 財田高瀬線, 高瀬観音寺線, 豊中仁尾線"
長炭橋,琴参バス（株）,美合線
長野いこいの家,大川自動車（株）,五名・福栄線
田淵会場,三豊市,高瀬観音寺線
石舟,三豊市,高瀬線
南郷［三豊市高瀬町］,三豊市,高瀬観音寺線
買田,三豊市,山本線
新町,三豊市,"高瀬線, 財田高瀬線, 高瀬観音寺線"
前田,三豊市,高瀬観音寺線
西分南,綾川町,陶・西分線
比地小学校前,三豊市,高瀬観音寺線
まんのう公園口,琴参バス（株）,美合線
下土井,三豊市,高瀬線
成行,三豊市,高瀬観音寺線
岩部,ことでんバス（株）,塩江線
森川整形外科病院,三豊市,"高瀬線, 豊中仁尾線"
力石,さぬき市,志度・造田・多和線
いこいの郷公園,三豊市,山本線
篠丸歯科医院,三豊市,財田高瀬線
下新名,綾川町,枌所線
曽保浦の谷,三豊市,仁尾線
上栂,三豊市,高瀬線
麻農構センター,三豊市,高瀬線
大向,琴参バス（株）,美合線
椛ノ木,三豊市,高瀬線
竹屋敷,さぬき市,志度・造田・多和線
安藤内科医院,三豊市,高瀬線
槇川,さぬき市,志度・造田・多和線
加茂［高瀬高校口］,三豊市,"高瀬線, 豊中仁尾線"
琴浦,三豊市,高瀬線
荒山,三豊市,高瀬線
吹毛ノ山,三豊市,財田高瀬線
JA高瀬東部支店,三豊市,高瀬線
西香川病院,三豊市,"高瀬線, 財田高瀬線"
西森,三豊市,高瀬線
不動の滝口,ことでんバス（株）,塩江線
長畷,三豊市,財田高瀬線
下司,三豊市,高瀬観音寺線
道音寺,三豊市,高瀬線
矢ノ岡,三豊市,高瀬線
曽保中筋,三豊市,仁尾線
東善,三豊市,高瀬線
新名集会所,綾川町,枌所線
常包橋,琴参バス（株）,美合線
永生病院,三豊市,財田観音寺線
佐文,三豊市,山本線
杉庄,三豊市,高瀬線
茶試験場前,琴参バス（株）,美合線
塩江病院,マルイ観光バス（株）,塩江町コミュニティバス
上中山,さぬき市,志度・造田・多和線
原下,三豊市,"高瀬線, 山本線"
塩江,ことでんバス（株）,塩江線
塩江,マルイ観光バス（株）,塩江町コミュニティバス
小路,三豊市,"財田高瀬線, 高瀬観音寺線"
池ノ谷,三豊市,高瀬線
成政口,琴参バス（株）,美合線
塩田,琴参バス（株）,美合線
上新名,綾川町,枌所線
樫谷,三豊市,高瀬線
中山,さぬき市,志度・造田・多和線
曽保,三豊市,仁尾線
六ツ松,三豊市,豊中仁尾線
江畑口,琴参バス（株）,美合線
郷ノ岡,三豊市,高瀬線
不動橋,琴参バス（株）,美合線
比地大小学校前,三豊市,高瀬観音寺線
本村［三豊市高瀬町］,三豊市,高瀬線
柏原口,綾川町,枌所線
比地大駅,三豊市,財田高瀬線
比地大郵便局,三豊市,高瀬観音寺線
下内田,琴参バス（株）,美合線
小山,三豊市,財田高瀬線
桑山1区,三豊市,高瀬観音寺線
山地,三豊市,高瀬線
琴南小学校前,琴参バス（株）,美合線
豊中六ツ松,三豊市,豊中仁尾線
町田,三豊市,高瀬観音寺線
友信,三豊市,財田高瀬線
内田,琴参バス（株）,美合線
行屋,三豊市,高瀬観音寺線
中筋,マルイ観光バス（株）,塩江町コミュニティバス
道上,三豊市,豊中仁尾線
城原,マルイ観光バス（株）,塩江町コミュニティバス
上内田,琴参バス（株）,美合線
川原尻,三豊市,高瀬観音寺線
二ノ宮農構センター,三豊市,高瀬線
北立石,三豊市,山本線
竹田園,三豊市,財田高瀬線
桑山4区,三豊市,高瀬観音寺線
上地,マルイ観光バス（株）,塩江町コミュニティバス
天川,琴参バス（株）,美合線
土井［三豊市豊中町］,三豊市,豊中仁尾線
桑山5区,三豊市,高瀬観音寺線
池田外科医院,三豊市,"財田高瀬線, 豊中仁尾線"
室本北口,三豊市,仁尾線
室本港,観音寺市,のりあいバス　五郷高室線
立石,三豊市,山本線
さぬき温泉,マルイ観光バス（株）,塩江町コミュニティバス
竹田西,三豊市,豊中仁尾線
六地蔵,琴参バス（株）,美合線
そがわ医院,三豊市,高瀬観音寺線
室本,三豊市,仁尾線
JA桑山支店,三豊市,高瀬観音寺線
上西小学校前,マルイ観光バス（株）,塩江町コミュニティバス
南立石,三豊市,山本線
笠田高校口,三豊市,財田高瀬線
木戸,琴参バス（株）,美合線
三ツ池,三豊市,高瀬観音寺線
田の口,三豊市,山本線
桑山17区,三豊市,財田観音寺線
宮奥,三豊市,財田高瀬線
大水上神社,三豊市,財田高瀬線
土井［三豊市山本町］,三豊市,山本線
桑山10区,三豊市,高瀬観音寺線
二ノ宮中,三豊市,財田高瀬線
豊中庁舎,三豊市,"財田高瀬線, 豊中仁尾線, 財田観音寺線"
福岡,三豊市,財田高瀬線
下原,三豊市,財田高瀬線
焼堂下,マルイ観光バス（株）,塩江町コミュニティバス
本山駅,三豊市,財田観音寺線
まるお眼科,三豊市,財田高瀬線
高屋明下（高室公民館）,観音寺市,のりあいバス　五郷高室線
八幡,三豊市,財田観音寺線
神田工業団地,三豊市,山本線
平川橋,琴参バス（株）,美合線
ゆめタウン,三豊市,"財田高瀬線, 豊中仁尾線, 財田観音寺線"
桑山13区,三豊市,高瀬観音寺線
川東口,琴参バス（株）,美合線
高室医院,三豊市,仁尾線
財田,三豊市,財田高瀬線
三反地,三豊市,財田高瀬線
向谷,三豊市,財田高瀬線
JA上高野支店,三豊市,財田高瀬線
片山,三豊市,財田高瀬線
物言川,マルイ観光バス（株）,塩江町コミュニティバス
谷［三豊市豊中町］,三豊市,財田観音寺線
寺家下,三豊市,豊中仁尾線
羽方会館,三豊市,財田高瀬線
阪大微研付近,観音寺市,のりあいバス　五郷高室線
神田定住センター,三豊市,"山本線, 財田高瀬線"
高屋（高屋ブロック）,観音寺市,のりあいバス　五郷高室線
桑山14区,三豊市,高瀬観音寺線
中通,琴参バス（株）,美合線
本山小学校前,三豊市,豊中仁尾線
井手向,三豊市,財田観音寺線
高塚,三豊市,財田高瀬線
大地,三豊市,財田高瀬線
砂川,三豊市,"山本線, 財田高瀬線"
野口,琴参バス（株）,美合線
本山寺,三豊市,豊中仁尾線
白坂,三豊市,財田高瀬線
高沢,三豊市,財田高瀬線
森安,三豊市,財田観音寺線
下皆野,琴参バス（株）,美合線
一ツ内,マルイ観光バス（株）,塩江町コミュニティバス
大坪,三豊市,山本線
山才,三豊市,財田高瀬線
流岡,観音寺市,のりあいバス　外循環線
黒川,三豊市,財田観音寺線
本大（ふたば保育園）,観音寺市,のりあいバス　外循環線
五ツ街道,三豊市,財田観音寺線
吉岡本村（ハローズ）,観音寺市,のりあいバス　外循環線
村黒小岡（松井病院）,観音寺市,のりあいバス　外循環線
茂木,観音寺市,"のりあいバス　外循環線, のりあいバス　箕浦観音寺線"
皆野,琴参バス（株）,美合線
吉岡,観音寺市,のりあいバス　外循環線
琴弾公園（森内科）,観音寺市,のりあいバス　五郷高室線
村黒（デイリーヤマザキ）,観音寺市,のりあいバス　箕浦観音寺線
観音寺第一高校口,三豊市,"高瀬観音寺線, 仁尾線, 財田観音寺線"
中屋敷,三豊市,山本線
犬馬場,琴参バス（株）,美合線
黒川郵便局,三豊市,財田観音寺線
上市コミュニティセンター,観音寺市,"のりあいバス　外循環線, のりあいバス　箕浦観音寺線"
四ツ足,三豊市,財田観音寺線
奥の湯温泉,マルイ観光バス（株）,塩江町コミュニティバス
砂古,三豊市,山本線
観音寺市役所,観音寺市,"のりあいバス　内循環線, のりあいバス　外循環線, のりあいバス　粟井姫浜線, のりあいバス　五郷高室線, のりあいバス　箕浦観音寺線"
観音寺総合高校前,三豊市,"高瀬観音寺線, 仁尾線, 財田観音寺線"
元町広場,観音寺市,"のりあいバス　内循環線, のりあいバス　粟井姫浜線"
中洲（和光メガネ店）,観音寺市,"のりあいバス　内循環線, のりあいバス　粟井姫浜線"
野田原,三豊市,財田観音寺線
駅通り（大黒屋）,観音寺市,"のりあいバス　内循環線, のりあいバス　外循環線, のりあいバス　粟井姫浜線, のりあいバス　五郷高室線, のりあいバス　箕浦観音寺線"
坂本（四国労金）,観音寺市,"のりあいバス　内循環線, のりあいバス　外循環線, のりあいバス　粟井姫浜線"
淵野,琴参バス（株）,美合線
江藤,観音寺市,のりあいバス　外循環線
木の本,三豊市,山本線
南公民館,観音寺市,のりあいバス　五郷高室線
駅通り交差点,観音寺市,"のりあいバス　内循環線, のりあいバス　外循環線, のりあいバス　粟井姫浜線, のりあいバス　五郷高室線, のりあいバス　箕浦観音寺線"
常盤小学校,観音寺市,のりあいバス　内循環線
観音寺港,観音寺市,のりあいバス　内循環線
市民会館,観音寺市,"のりあいバス　内循環線, のりあいバス　外循環線, のりあいバス　粟井姫浜線, のりあいバス　五郷高室線, のりあいバス　箕浦観音寺線"
江藤,三豊市,財田観音寺線
三豊中学校前,三豊市,財田観音寺線
坂本（高松信金）,観音寺市,"のりあいバス　粟井姫浜線, のりあいバス　箕浦観音寺線"
観音寺駅,三豊市,"高瀬観音寺線, 仁尾線, 財田観音寺線"
観音寺駅,観音寺市,"のりあいバス　内循環線, のりあいバス　外循環線, のりあいバス　粟井姫浜線, のりあいバス　五郷高室線, のりあいバス　箕浦観音寺線"
長瀬,三豊市,山本線
細川整形外科前,観音寺市,のりあいバス　内循環線
大屋敷橋,マルイ観光バス（株）,塩江町コミュニティバス
轟橋,三豊市,財田観音寺線
たしろ医院,三豊市,仁尾線
大西医院,三豊市,財田観音寺線
JA財田支店,三豊市,財田高瀬線
芋尾,三豊市,財田観音寺線
中田井交差点,観音寺市,のりあいバス　外循環線
帰来,三豊市,財田観音寺線
松尾,マルイ観光バス（株）,塩江町コミュニティバス
三宅歯科医院,三豊市,財田観音寺線
池之尻辻整形,観音寺市,のりあいバス　内循環線
昭和（マルナカ東口）,観音寺市,のりあいバス　内循環線
堀田,琴参バス（株）,美合線
森,三豊市,"財田高瀬線, 財田観音寺線"
瀬戸町,観音寺市,のりあいバス　粟井姫浜線
久保の下,三豊市,"財田高瀬線, 財田観音寺線"
JA宝山支店,三豊市,"山本線, 財田観音寺線"
荒戸上,三豊市,財田観音寺線
昭和（マルナカ西口）,観音寺市,のりあいバス　五郷高室線
しのはら医院,三豊市,山本線
出作,観音寺市,のりあいバス　内循環線
荒戸下,三豊市,財田観音寺線
吉田,三豊市,財田観音寺線
マルナカ山本店,三豊市,"山本線, 財田観音寺線"
財田庁舎,三豊市,"財田高瀬線, 財田観音寺線"
中辻,三豊市,財田観音寺線
池田クリニック,観音寺市,のりあいバス　内循環線
西中,三豊市,"山本線, 財田観音寺線"
宮坂,三豊市,財田観音寺線
雉子尾,三豊市,"財田高瀬線, 財田観音寺線"
山本庁舎,三豊市,"山本線, 財田観音寺線"
正宗,三豊市,財田観音寺線
粟屋,観音寺市,のりあいバス　外循環線
橋本病院,三豊市,"山本線, 財田観音寺線"
庵上,三豊市,"山本線, 財田観音寺線"
財田駅,三豊市,財田観音寺線
尾井出,琴参バス（株）,美合線
下出（Yショップ高橋）,観音寺市,のりあいバス　粟井姫浜線
池之尻高速バスストップ,観音寺市,のりあいバス　内循環線
池之尻郵便局,観音寺市,のりあいバス　内循環線
財田小学校口,三豊市,財田観音寺線
勝川橋,琴参バス（株）,美合線
石野上,三豊市,財田観音寺線
山本東,三豊市,山本線
明神下,琴参バス（株）,美合線
石野下,三豊市,"財田高瀬線, 財田観音寺線"
明神,三豊市,財田観音寺線
美合明神,琴参バス（株）,美合線
池の向,三豊市,山本線
中出（香川銀行）,観音寺市,のりあいバス　粟井姫浜線
川上総合センター,三豊市,財田観音寺線
落合橋,琴参バス（株）,美合線
物産館,三豊市,"財田高瀬線, 財田観音寺線"
豊田公民館,観音寺市,のりあいバス　外循環線
運動公園正門,観音寺市,のりあいバス　内循環線
長谷,琴参バス（株）,美合線
上出,観音寺市,のりあいバス　粟井姫浜線
大興寺口,三豊市,山本線
中元,三豊市,財田観音寺線
環の湯,三豊市,"財田高瀬線, 財田観音寺線"
泉平,三豊市,財田観音寺線
下河内,三豊市,山本線
長野口,三豊市,財田観音寺線
大石橋,琴参バス（株）,美合線
小立,観音寺市,のりあいバス　外循環線
勝川,琴参バス（株）,美合線
山田産業団地,観音寺市,のりあいバス　粟井姫浜線
川下,琴参バス（株）,美合線
川奥,琴参バス（株）,美合線
山田,観音寺市,のりあいバス　箕浦観音寺線
向新田,観音寺市,のりあいバス　外循環線
山王,観音寺市,のりあいバス　内循環線
木之郷,観音寺市,のりあいバス　粟井姫浜線
谷所,琴参バス（株）,美合線
中河内,三豊市,山本線
林奥,琴参バス（株）,美合線
野田小屋口,琴参バス（株）,美合線
勝浦口,琴参バス（株）,美合線
檜ヶ丘,琴参バス（株）,美合線
本庄,三豊市,山本線
十三塚,観音寺市,のりあいバス　五郷高室線
百々,観音寺市,のりあいバス　内循環線
青岡（青岡構造改善センター）,観音寺市,のりあいバス　内循環線
河内公民館,三豊市,山本線
川奥新道,琴参バス（株）,美合線
四足口,琴参バス（株）,美合線
出晴,観音寺市,のりあいバス　粟井姫浜線
香川井下病院,三豊市,仁尾線
香川井下病院,観音寺市,"のりあいバス　粟井姫浜線, のりあいバス　箕浦観音寺線"
川奥中,琴参バス（株）,美合線
美霞洞渓谷,琴参バス（株）,美合線
常次,観音寺市,のりあいバス　外循環線
粟井,三豊市,山本線
長善寺口,琴参バス（株）,美合線
三角,琴参バス（株）,美合線
塔尾,琴参バス（株）,美合線
久保谷,琴参バス（株）,美合線
丸井北,三豊市,山本線
丸井北（JA香川紀伊支店）,観音寺市,"のりあいバス　外循環線, のりあいバス　粟井姫浜線"
下福家,琴参バス（株）,美合線
大野原（ハローズ）,観音寺市,のりあいバス　内循環線
下林集落センター,観音寺市,のりあいバス　内循環線
青岡,三豊市,山本線
中姫（マルナカ）,観音寺市,"のりあいバス　外循環線, のりあいバス　五郷高室線"
中姫中央,三豊市,山本線
林集会場,観音寺市,のりあいバス　内循環線
大野原会館,観音寺市,"のりあいバス　外循環線, のりあいバス　五郷高室線"
大野原中学校口,三豊市,山本線
宮之下（JA香川大野原支店）,観音寺市,のりあいバス　五郷高室線
五軒屋（マルナカ）,観音寺市,"のりあいバス　内循環線, のりあいバス　粟井姫浜線, のりあいバス　箕浦観音寺線"
宮之下（Aコープ豊南）,観音寺市,のりあいバス　五郷高室線
大野原中央公民館,三豊市,山本線
大野原支所（いきいきセンター）,観音寺市,"のりあいバス　外循環線, のりあいバス　五郷高室線"
福田原交差点付近,観音寺市,のりあいバス　外循環線
萩の湯,観音寺市,"のりあいバス　外循環線, のりあいバス　五郷高室線"
萩の湯,三豊市,山本線
三豊総合病院,三豊市,"山本線, 仁尾線"
三豊総合病院,観音寺市,"のりあいバス　内循環線, のりあいバス　外循環線, のりあいバス　粟井姫浜線, のりあいバス　五郷高室線, のりあいバス　箕浦観音寺線"
豊浜駅,三豊市,山本線
豊浜駅,観音寺市,"のりあいバス　五郷高室線, のりあいバス　箕浦観音寺線"
須賀自治会館,観音寺市,のりあいバス　箕浦観音寺線
北峯公民館,観音寺市,のりあいバス　粟井姫浜線
池之内集落センター,観音寺市,のりあいバス　粟井姫浜線
萩原郵便局,観音寺市,のりあいバス　五郷高室線
豆塚集会場,観音寺市,のりあいバス　外循環線
上田井下集会場,観音寺市,のりあいバス　箕浦観音寺線
すぽっシュ豊浜,観音寺市,のりあいバス　箕浦観音寺線
豊浜支所,観音寺市,のりあいバス　箕浦観音寺線
谷口（奥谷）,観音寺市,のりあいバス　粟井姫浜線
長谷公民館,観音寺市,のりあいバス　箕浦観音寺線
道溝（和田分団屯所）,観音寺市,のりあいバス　箕浦観音寺線
野々池,観音寺市,のりあいバス　箕浦観音寺線
大平木,観音寺市,のりあいバス　箕浦観音寺線
大坪（なしの郷看板）,観音寺市,のりあいバス　箕浦観音寺線
五郷井関,観音寺市,のりあいバス　五郷高室線
内野々集落センター,観音寺市,のりあいバス　五郷高室線
関谷（スクールバス乗り場）,観音寺市,のりあいバス　箕浦観音寺線
谷上（教育センター）,観音寺市,のりあいバス　五郷高室線
関谷公民館,観音寺市,のりあいバス　箕浦観音寺線
堀切（スクールバス乗り場）,観音寺市,のりあいバス　箕浦観音寺線
箕浦,観音寺市,のりあいバス　箕浦観音寺線
豊稔池,観音寺市,のりあいバス　五郷高室線
田野々自治会館,観音寺市,のりあいバス　五郷高室線
有盛橋,観音寺市,のりあいバス　五郷高室線
田野々,観音寺市,のりあいバス　五郷高室線
海老済,観音寺市,のりあいバス　五郷高室線
硯集会所前,土庄町,豊島シャトルバス
森万里子作品前,土庄町,豊島シャトルバス
唐櫃港,土庄町,豊島シャトルバス
家浦港,土庄町,豊島シャトルバス
豊島美術館前,土庄町,豊島シャトルバス
清水前,土庄町,豊島シャトルバス
唐櫃岡集会所前,土庄町,豊島シャトルバス
豊島公民館前,土庄町,豊島シャトルバス
甲生集会所前,土庄町,豊島シャトルバス
灘山,小豆島オリーブバス（株）,北廻り福田線
吉田,小豆島オリーブバス（株）,北廻り福田線
荒浜,小豆島オリーブバス（株）,北廻り福田線
田井,小豆島オリーブバス（株）,北廻り福田線
小部不動尊登山口,小豆島オリーブバス（株）,北廻り福田線
小部,小豆島オリーブバス（株）,北廻り福田線
タカラ学園前,小豆島オリーブバス（株）,北廻り福田線
中ノ口,小豆島オリーブバス（株）,北廻り福田線
大部,小豆島オリーブバス（株）,北廻り福田線
大部向町,小豆島オリーブバス（株）,北廻り福田線
琴塚,小豆島オリーブバス（株）,北廻り福田線
福田港,小豆島オリーブバス（株）,"南廻り福田線, 北廻り福田線"
福田西,小豆島オリーブバス（株）,南廻り福田線
金神前,小豆島オリーブバス（株）,南廻り福田線
大坂城残石記念公園,小豆島オリーブバス（株）,北廻り福田線
小海,小豆島オリーブバス（株）,北廻り福田線
ゴルフ場前,小豆島オリーブバス（株）,南廻り福田線
屋形崎,小豆島オリーブバス（株）,北廻り福田線
見目,小豆島オリーブバス（株）,北廻り福田線
当浜,小豆島オリーブバス（株）,南廻り福田線
蕪崎,小豆島オリーブバス（株）,四海線
馬越浜,小豆島オリーブバス（株）,四海線
元目,小豆島オリーブバス（株）,四海線
目島,小豆島オリーブバス（株）,四海線
東馬越,小豆島オリーブバス（株）,北廻り福田線
小江,小豆島オリーブバス（株）,四海線
長浜,小豆島オリーブバス（株）,四海線
渦江,小豆島オリーブバス（株）,四海線
四海公民館前,小豆島オリーブバス（株）,四海線
馬越,小豆島オリーブバス（株）,北廻り福田線
伊喜末,小豆島オリーブバス（株）,四海線
小豆島大観音前（しあわせの駅）,小豆島オリーブバス（株）,北廻り福田線
紅雲亭,小豆島オリーブバス（株）,神懸線
小馬越,小豆島オリーブバス（株）,北廻り福田線
馬場崎,小豆島オリーブバス（株）,四海線
肥土山,小豆島オリーブバス（株）,中山線
天狗岩,小豆島オリーブバス（株）,南廻り福田線
常盤橋,小豆島オリーブバス（株）,中山線
猪谷,小豆島オリーブバス（株）,神懸線
春日神社前,小豆島オリーブバス（株）,中山線
岩ケ谷,小豆島オリーブバス（株）,南廻り福田線
西中山,小豆島オリーブバス（株）,中山線
黒岩,小豆島オリーブバス（株）,北廻り福田線
中山,小豆島オリーブバス（株）,中山線
下黒岩,小豆島オリーブバス（株）,中山線
奥中山,小豆島オリーブバス（株）,中山線
グリーンプラザ前,小豆島オリーブバス（株）,四海線
岩ケ谷漁港前,小豆島オリーブバス（株）,南廻り福田線
妙見,小豆島オリーブバス（株）,中山線
内海ダム前,小豆島オリーブバス（株）,神懸線
上庄,小豆島オリーブバス（株）,"北廻り福田線, 中山線"
大谷,小豆島オリーブバス（株）,四海線
南風台,小豆島オリーブバス（株）,南廻り福田線
橘,小豆島オリーブバス（株）,南廻り福田線
北山,小豆島オリーブバス（株）,"北廻り福田線, 中山線"
本覚寺前,小豆島オリーブバス（株）,四海線
神懸通,小豆島オリーブバス（株）,神懸線
畝木,小豆島オリーブバス（株）,西浦線
土庄港平和の群像前,小豆島オリーブバス（株）,"坂手線, 南廻り福田線, 北廻り福田線, 四海線, 西浦線, 中山線, 田ノ浦映画村線"
土庄港,小豆島オリーブバス（株）,"坂手線, 南廻り福田線, 北廻り福田線, 四海線, 西浦線, 中山線, 田ノ浦映画村線"
橘上,小豆島オリーブバス（株）,南廻り福田線
土庄中学校前,小豆島オリーブバス（株）,"北廻り福田線, 中山線"
渕崎,小豆島オリーブバス（株）,四海線
八幡橋前,小豆島オリーブバス（株）,"坂手線, 南廻り福田線, 北廻り福田線, 西浦線, 中山線"
オリーブタウン前,小豆島オリーブバス（株）,"坂手線, 南廻り福田線, 北廻り福田線, 四海線, 西浦線, 中山線"
やさい工房前,小豆島オリーブバス（株）,西浦線
橘新団地前,小豆島オリーブバス（株）,南廻り福田線
合同庁舎前,小豆島オリーブバス（株）,"北廻り福田線, 西浦線, 田ノ浦映画村線"
土庄本町,小豆島オリーブバス（株）,"坂手線, 南廻り福田線, 四海線, 西浦線, 中山線"
西本町,小豆島オリーブバス（株）,"坂手線, 南廻り福田線, 北廻り福田線, 四海線, 西浦線, 中山線"
上地,小豆島オリーブバス（株）,中山線
双子浦,小豆島オリーブバス（株）,"坂手線, 南廻り福田線, 北廻り福田線, 田ノ浦映画村線"
入部,小豆島オリーブバス（株）,"坂手線, 南廻り福田線, 北廻り福田線, 田ノ浦映画村線"
王子前,小豆島オリーブバス（株）,"北廻り福田線, 西浦線, 田ノ浦映画村線"
西蒲生,小豆島オリーブバス（株）,"坂手線, 南廻り福田線, 北廻り福田線, 田ノ浦映画村線"
池田大池前,小豆島オリーブバス（株）,"坂手線, 南廻り福田線, 田ノ浦映画村線"
草壁公民館前,小豆島オリーブバス（株）,神懸線
小豆島中央病院,小豆島オリーブバス（株）,"坂手線, 南廻り福田線, 北廻り福田線, 中山線, 田ノ浦映画村線"
小豆島中央病院,小豆島町,三都西線
迎地,小豆島オリーブバス（株）,"坂手線, 南廻り福田線, 北廻り福田線, 中山線, 田ノ浦映画村線"
安田上,小豆島オリーブバス（株）,南廻り福田線
小豆島中央高校前,小豆島オリーブバス（株）,"坂手線, 南廻り福田線, 北廻り福田線, 中山線, 田ノ浦映画村線"
小豆島中央高校前,小豆島町,三都西線
草壁本町,小豆島オリーブバス（株）,神懸線
東洋オリーブショップ前,小豆島オリーブバス（株）,"坂手線, 南廻り福田線, 北廻り福田線, 中山線, 田ノ浦映画村線"
東洋オリーブショップ前,小豆島町,三都西線
井上誠耕園らしく園前,小豆島オリーブバス（株）,"坂手線, 南廻り福田線, 北廻り福田線, 中山線, 田ノ浦映画村線"
井上誠耕園らしく園前,小豆島町,三都西線
池田内科クリニック前（池田港）,小豆島オリーブバス（株）,"坂手線, 南廻り福田線, 北廻り福田線, 中山線, 田ノ浦映画村線"
池田内科クリニック（池田港前）,小豆島町,三都西線
池田港ターミナル前,小豆島オリーブバス（株）,"坂手線, 南廻り福田線, 北廻り福田線, 中山線, 田ノ浦映画村線"
池田港ターミナル前,小豆島町,三都西線
国際ホテル（エンジェルロード前）,小豆島オリーブバス（株）,"北廻り福田線, 西浦線, 田ノ浦映画村線"
銀波浦,小豆島オリーブバス（株）,"北廻り福田線, 西浦線, 田ノ浦映画村線"
草壁港,小豆島オリーブバス（株）,"坂手線, 南廻り福田線, 神懸線, 田ノ浦映画村線"
変電所前,小豆島オリーブバス（株）,西浦線
小豆島中学校前,小豆島オリーブバス（株）,"坂手線, 南廻り福田線, 田ノ浦映画村線"
小豆島町役場前,小豆島オリーブバス（株）,"坂手線, 南廻り福田線, 田ノ浦映画村線"
清水,小豆島オリーブバス（株）,"坂手線, 南廻り福田線, 田ノ浦映画村線"
牟礼病院前,小豆島オリーブバス（株）,南廻り福田線
草壁本町,小豆島オリーブバス（株）,"坂手線, 南廻り福田線, 田ノ浦映画村線"
浜条,小豆島町,三都西線
安田,小豆島オリーブバス（株）,"坂手線, 南廻り福田線, 田ノ浦映画村線"
平井クリニック前,小豆島オリーブバス（株）,"北廻り福田線, 西浦線, 田ノ浦映画村線"
ホテル松風（鹿島海水浴場前）,小豆島オリーブバス（株）,"西浦線, 田ノ浦映画村線"
丸山,小豆島オリーブバス（株）,"坂手線, 南廻り福田線, 田ノ浦映画村線"
小瀬,小豆島オリーブバス（株）,西浦線
鹿島中,小豆島オリーブバス（株）,"西浦線, 田ノ浦映画村線"
鹿島,小豆島オリーブバス（株）,西浦線
馬木,小豆島オリーブバス（株）,"坂手線, 田ノ浦映画村線"
日方,小豆島オリーブバス（株）,"坂手線, 南廻り福田線, 田ノ浦映画村線"
国民宿舎,小豆島町,三都西線
小豆島ユースホステル前,小豆島オリーブバス（株）,"坂手線, 南廻り福田線, 田ノ浦映画村線"
サン・オリーブ,小豆島オリーブバス（株）,田ノ浦映画村線
戸形,小豆島オリーブバス（株）,西浦線
赤坂,小豆島オリーブバス（株）,"坂手線, 南廻り福田線, 田ノ浦映画村線"
小豆島ふるさと村,小豆島町,三都西線
竹生,小豆島オリーブバス（株）,"坂手線, 南廻り福田線, 田ノ浦映画村線"
苗羽,小豆島オリーブバス（株）,"坂手線, 田ノ浦映画村線"
オリーブヶ丘,小豆島オリーブバス（株）,"坂手線, 南廻り福田線, 田ノ浦映画村線"
水木,小豆島オリーブバス（株）,"坂手線, 南廻り福田線, 田ノ浦映画村線"
オリーブ公園口,小豆島オリーブバス（株）,"坂手線, 南廻り福田線, 田ノ浦映画村線"
室生,小豆島町,三都西線
丸金前,小豆島オリーブバス（株）,"坂手線, 田ノ浦映画村線"
千軒,小豆島オリーブバス（株）,西浦線
柳,小豆島オリーブバス（株）,西浦線
芦ノ浦,小豆島オリーブバス（株）,"坂手線, 田ノ浦映画村線"
堀神社前,小豆島オリーブバス（株）,西浦線
ベイリゾートホテル前,小豆島オリーブバス（株）,"坂手線, 田ノ浦映画村線"
二面,小豆島町,三都西線
古江海水浴場,小豆島オリーブバス（株）,田ノ浦映画村線
古江,小豆島オリーブバス（株）,"坂手線, 田ノ浦映画村線"
堀越,小豆島オリーブバス（株）,田ノ浦映画村線
坂手港,小豆島オリーブバス（株）,"坂手線, 田ノ浦映画村線"
見晴,小豆島オリーブバス（株）,"坂手線, 田ノ浦映画村線"
坂手港ターミナル前,小豆島オリーブバス（株）,"坂手線, 田ノ浦映画村線"
切谷,小豆島オリーブバス（株）,田ノ浦映画村線
坂手東,小豆島オリーブバス（株）,"坂手線, 田ノ浦映画村線"
吉野浜,小豆島町,三都西線
吉野,小豆島町,三都西線
田ノ浦,小豆島オリーブバス（株）,田ノ浦映画村線
田ノ浦映画村,小豆島オリーブバス（株）,田ノ浦映画村線
蒲野,小豆島町,三都西線
蒲野浜,小豆島町,三都西線
目見ヶ谷,小豆島町,三都西線
吉ヶ浦,小豆島町,三都西線
神浦,小豆島町,三都西線
神浦西,小豆島町,三都西線
市神子,小豆島町,三都西線
